ano,conselho,conta,conta_norm,descricao,orcamento_inicial,realizado,eh_folha
2022,CFC,6.2,62,EXECUÇÃO DA RECEITA,93061450.0,81079205.9,0
2022,CFC,6.2.1,621,RECEITAS CORRENTES,69928783.0,79791677.51,0
2022,CFC,6.2.1.1,6211,CONTRIBUIÇÕES,57067000.0,56087715.94,0
2022,CFC,6.2.1.1.02,621102,COTA PARTE,57067000.0,56087715.94,0
2022,CFC,6.2.1.1.02.01,62110201,COTA PARTE,57067000.0,56087715.94,0
2022,CFC,6.2.1.1.02.01.001,62110201001,CRC-AC,146000.0,129914.28,1
2022,CFC,6.2.1.1.02.01.002,62110201002,CRC-AL,449000.0,485429.7,1
2022,CFC,6.2.1.1.02.01.003,62110201003,CRC-AM,693000.0,758306.79,1
2022,CFC,6.2.1.1.02.01.004,62110201004,CRC-AP,147000.0,130996.96,1
2022,CFC,6.2.1.1.02.01.005,62110201005,CRC-BA,2252000.0,2012903.37,1
2022,CFC,6.2.1.1.02.01.006,62110201006,CRC-CE,1404000.0,1221804.56,1
2022,CFC,6.2.1.1.02.01.007,62110201007,CRC-DF,1454000.0,1548747.5,1
2022,CFC,6.2.1.1.02.01.008,62110201008,CRC-ES,1380000.0,1275730.91,1
2022,CFC,6.2.1.1.02.01.009,62110201009,CRC-GO,1497000.0,1577184.33,1
2022,CFC,6.2.1.1.02.01.010,62110201010,CRC-MA,746000.0,700248.44,1
2022,CFC,6.2.1.1.02.01.011,62110201011,CRC-MG,6280000.0,6260776.41,1
2022,CFC,6.2.1.1.02.01.012,62110201012,CRC-MS,958000.0,905996.37,1
2022,CFC,6.2.1.1.02.01.013,62110201013,CRC-MT,1209000.0,1252358.71,1
2022,CFC,6.2.1.1.02.01.014,62110201014,CRC-PA,1097000.0,1012593.5,1
2022,CFC,6.2.1.1.02.01.015,62110201015,CRC-PB,692000.0,648701.4,1
2022,CFC,6.2.1.1.02.01.016,62110201016,CRC-PE,1580000.0,1417985.48,1
2022,CFC,6.2.1.1.02.01.017,62110201017,CRC-PI,686000.0,527052.53,1
2022,CFC,6.2.1.1.02.01.018,62110201018,CRC-PR,4243000.0,3942766.71,1
2022,CFC,6.2.1.1.02.01.019,62110201019,CRC-RJ,5801000.0,5692943.05,1
2022,CFC,6.2.1.1.02.01.020,62110201020,CRC-RN,717000.0,733447.8,1
2022,CFC,6.2.1.1.02.01.021,62110201021,CRC-RO,571000.0,450692.81,1
2022,CFC,6.2.1.1.02.01.022,62110201022,CRC-RR,151000.0,146060.04,1
2022,CFC,6.2.1.1.02.01.023,62110201023,CRC-RS,3832000.0,3649814.59,1
2022,CFC,6.2.1.1.02.01.024,62110201024,CRC-SC,2738000.0,2557329.37,1
2022,CFC,6.2.1.1.02.01.025,62110201025,CRC-SE,400000.0,391579.47,1
2022,CFC,6.2.1.1.02.01.026,62110201026,CRC-SP,15511000.0,16232701.12,1
2022,CFC,6.2.1.1.02.01.027,62110201027,CRC-TO,433000.0,423649.74,1
2022,CFC,6.2.1.2,6212,EXPLORAÇÃO DE BENS E SERVIÇOS,8580000.0,6958106.48,0
2022,CFC,6.2.1.2.02,621202,EXPLORAÇÃO DE SERVIÇOS,8580000.0,6958106.48,0
2022,CFC,6.2.1.2.02.02,62120202,EMOLUMENTOS COM EXPEDIÇÕES DE CARTEIRAS,360000.0,571332.0,0
2022,CFC,6.2.1.2.02.02.001,62120202001,PROFISSIONAIS,360000.0,571332.0,1
2022,CFC,6.2.1.2.02.05,62120205,RECEITAS DE EXAME DE SUFICIÊNCIA,7000000.0,5586070.0,0
2022,CFC,6.2.1.2.02.05.001,62120205001,EXAME DE SUFICIÊNCIA,7000000.0,5586070.0,1
2022,CFC,6.2.1.2.02.06,62120206,RECEITAS DE EXAME DE QUALIF. TÉC. (CNAI),1200000.0,778600.0,0
2022,CFC,6.2.1.2.02.06.001,62120206001,EXAME DE QUALIFICAÇÃO TÉCNICA (CNAI),1200000.0,778600.0,1
2022,CFC,6.2.1.2.02.09,62120209,RECEITAS DIVERSAS,20000.0,22104.48,0
2022,CFC,6.2.1.2.02.09.013,62120209013,RECUPERAÇÃO DE OUTRAS DESPESAS OPERAC.,15000.0,20477.4,1
2022,CFC,6.2.1.2.02.09.099,62120209099,DEMAIS RECEITAS DIVERSAS,5000.0,1627.08,1
2022,CFC,6.2.1.3,6213,FINANCEIRAS,4278783.0,16674646.21,0
2022,CFC,6.2.1.3.01,621301,JUROS E ENCARGOS S/EMPRÉSTIMOS CONCED.,564000.0,420929.38,0
2022,CFC,6.2.1.3.01.01,62130101,JUROS E ENCARGOS S/EMPRÉSTIMOS CONCED.,564000.0,420929.38,0
2022,CFC,6.2.1.3.01.01.001,62130101001,JUROS SOBRE EMPRÉSTIMOS,564000.0,420929.38,1
2022,CFC,6.2.1.3.05,621305,REMUN. DE DEP. BANC. E APLIC. FINANC.,3714783.0,16253716.83,0
2022,CFC,6.2.1.3.05.01,62130501,RENDIMENTOS DE APLICAÇÃO ,3714783.0,16253716.83,0
2022,CFC,6.2.1.3.05.01.004,62130501004,FUNDOS DE INVESTIMENTOS,3714783.0,16253716.83,1
2022,CFC,6.2.1.9,6219,OUTRAS RECEITAS CORRENTES,3000.0,71208.88,0
2022,CFC,6.2.1.9.02,621902,INDENIZAÇÕES E RESTITUIÇÕES,3000.0,71208.88,0
2022,CFC,6.2.1.9.02.01,62190201,INDENIZAÇÕES E RESTITUIÇÕES,3000.0,71208.88,0
2022,CFC,6.2.1.9.02.01.001,62190201001,INDENIZAÇÕES,1000.0,14718.42,1
2022,CFC,6.2.1.9.02.01.002,62190201002,RESTITUIÇÕES,2000.0,56490.46,1
2022,CFC,6.2.2,622,RECEITAS DE CAPITAL,2154217.0,1287528.39,0
2022,CFC,6.2.2.4,6224,AMORTIZAÇÃO DE EMPRÉSTIMOS CONCEDIDOS,2154217.0,1287528.39,0
2022,CFC,6.2.2.4.01,622401,AMORTIZAÇÃO DE EMPRÉSTIMOS CONCEDIDOS,2154217.0,1287528.39,0
2022,CFC,6.2.2.4.01.02,62240102,"EMPREST.P/AQUIS., CONSTR. E REFORMA DE SEDE",2154217.0,1287528.39,0
2022,CFC,6.2.2.4.01.02.003,62240102003,CRC-CE,190558.0,381115.66,1
2022,CFC,6.2.2.4.01.02.005,62240102005,CRC - BA,130000.0,0.0,1
2022,CFC,6.2.2.4.01.02.008,62240102008,CRC - ES,97500.0,97500.0,1
2022,CFC,6.2.2.4.01.02.010,62240102010,CRC - MA,226931.0,0.0,1
2022,CFC,6.2.2.4.01.02.016,62240102016,CRC -PE,700316.0,0.0,1
2022,CFC,6.2.2.4.01.02.017,62240102017,CRC - PI,127000.0,127000.0,1
2022,CFC,6.2.2.4.01.02.021,62240102021,CRC - RO,68051.0,68051.3,1
2022,CFC,6.2.2.4.01.02.023,62240102023,CRC - RS,545000.0,545000.0,1
2022,CFC,6.2.2.4.01.02.027,62240102027,CRC - TO,68861.0,68861.43,1
2022,CFC,6.2.3,623,PREVISÃO ADICIONAL,20978450.0,0.0,0
2022,CFC,6.2.3.1,6231,PREVISÃO ADICIONAL,20978450.0,0.0,0
2022,CFC,6.2.3.1.01,623101,PREVISÃO ADICIONAL,20978450.0,0.0,0
2022,CFC,6.2.3.1.01.01,62310101,PREVISÃO ADICIONAL,20978450.0,0.0,0
2022,CFC,6.2.3.1.01.01.001,62310101001,SUPERÁVIT FINANCEIRO,20978450.0,0.0,1
2022,CFC,6.3,63,EXECUÇÃO DA DESPESA,93061450.0,69950467.83,0
2022,CFC,6.3.1,631,DESPESAS CORRENTES,85715300.0,65121607.94,0
2022,CFC,6.3.1.1,6311,PESSOAL E ENCARGOS,30473050.0,28180953.88,0
2022,CFC,6.3.1.1.01,631101,PESSOAL E ENCARGOS,30473050.0,28180953.88,0
2022,CFC,6.3.1.1.01.01,63110101,REMUNERAÇÃO PESSOAL,20839350.0,19144422.08,0
2022,CFC,6.3.1.1.01.01.001,63110101001,SALÁRIOS,13300000.0,12635298.08,1
2022,CFC,6.3.1.1.01.01.003,63110101003,GRATIFICAÇÃO POR EXERCÍCIO DE CARGOS,2700000.0,2685342.93,1
2022,CFC,6.3.1.1.01.01.004,63110101004,GRATIFICAÇÃO DE NATAL - 13º SALÁRIO,1500000.0,1412898.57,1
2022,CFC,6.3.1.1.01.01.005,63110101005,FÉRIAS  ,1795000.0,1750611.31,1
2022,CFC,6.3.1.1.01.01.006,63110101006,ABONO PECUNIÁRIO DE FÉRIAS,365000.0,239515.29,1
2022,CFC,6.3.1.1.01.01.007,63110101007,HORAS EXTRAS,66800.0,26997.55,1
2022,CFC,6.3.1.1.01.01.008,63110101008,SUBSTITUIÇÕES,82500.0,29999.19,1
2022,CFC,6.3.1.1.01.01.009,63110101009,ADICIONAL NOTURNO,50.0,0.0,1
2022,CFC,6.3.1.1.01.01.010,63110101010,INDENIZAÇÕES TRABALHISTAS,1030000.0,363759.16,1
2022,CFC,6.3.1.1.01.02,63110102,ENCARGOS PATRONAIS,6307200.0,6062902.05,0
2022,CFC,6.3.1.1.01.02.001,63110102001,INSS ENTIDADE,4560000.0,4387762.21,1
2022,CFC,6.3.1.1.01.02.002,63110102002,FGTS,1550000.0,1486477.71,1
2022,CFC,6.3.1.1.01.02.003,63110102003,PIS SOBRE FOLHA DE PAGAMENTO,197200.0,188662.13,1
2022,CFC,6.3.1.1.01.03,63110103,BENEFÍCIOS A PESSOAL,3326500.0,2973629.75,0
2022,CFC,6.3.1.1.01.03.001,63110103001,VALE TRANSPORTE,15000.0,8487.05,1
2022,CFC,6.3.1.1.01.03.002,63110103002,PROGRAMA DE ALIMENT. AO TRABALHADOR-PAT,1475000.0,1453985.62,1
2022,CFC,6.3.1.1.01.03.003,63110103003,PLANO DE SAÚDE,1815000.0,1494099.69,1
2022,CFC,6.3.1.1.01.03.004,63110103004,PLANO ODONTOLÓGICO,21500.0,17057.39,1
2022,CFC,6.3.1.2,6312,BENEFÍCIOS ASSISTENCIAIS,177500.0,144248.09,0
2022,CFC,6.3.1.2.01,631201,BENEFÍCIOS ASSISTENCIAIS,177500.0,144248.09,0
2022,CFC,6.3.1.2.01.01,63120101,BENEFÍCIOS ASSISTENCIAIS,177500.0,144248.09,0
2022,CFC,6.3.1.2.01.01.001,63120101001,AUXÍLIO EDUCAÇÃO,3000.0,2379.0,1
2022,CFC,6.3.1.2.01.01.002,63120101002,AUXÍLIO CRECHE ,174500.0,141869.09,1
2022,CFC,6.3.1.3,6313,USO DE BENS E SERVIÇOS,43416950.0,27816135.69,0
2022,CFC,6.3.1.3.01,631301,MATERIAL DE CONSUMO ,709250.0,305687.34,0
2022,CFC,6.3.1.3.01.01,63130101,MATERIAL DE CONSUMO,653250.0,278260.32,0
2022,CFC,6.3.1.3.01.01.001,63130101001,MATERIAIS DE EXPEDIENTE,40000.0,37895.52,1
2022,CFC,6.3.1.3.01.01.002,63130101002,"IMPRESSOS, FORMULÁRIOS E PAPÉIS",6000.0,10.0,1
2022,CFC,6.3.1.3.01.01.004,63130101004,CARTEIRAS DE IDENTIFICAÇÃO PROFISSIONAL,305000.0,190286.64,1
2022,CFC,6.3.1.3.01.01.005,63130101005,"BANDEIRAS, FLÂMULAS E PLACAS",15000.0,280.0,1
2022,CFC,6.3.1.3.01.01.006,63130101006,"MATERIAL PARA AUDIO, VÍDEO E FOTO",3000.0,0.0,1
2022,CFC,6.3.1.3.01.01.007,63130101007,MATERIAL PARA DIVULGAÇÃO,5000.0,0.0,1
2022,CFC,6.3.1.3.01.01.008,63130101008,MATERIAIS DE INFORMÁTICA,108000.0,3543.25,1
2022,CFC,6.3.1.3.01.01.010,63130101010,MATERIAIS ELÉTRICOS E DE TELEFONIA,20000.0,2626.13,1
2022,CFC,6.3.1.3.01.01.011,63130101011,MATERIAIS PARA MANUT. DE BENS MÓVEIS,15000.0,696.0,1
2022,CFC,6.3.1.3.01.01.012,63130101012,MATERIAIS PARA MANUT. DE BENS IMÓVEIS,35000.0,724.83,1
2022,CFC,6.3.1.3.01.01.013,63130101013,MATERIAL DE COPA E COZINHA,20000.0,16704.81,1
2022,CFC,6.3.1.3.01.01.014,63130101014,"UNIFORMES, TECIDOS E AVIAMENTOS",30000.0,0.0,1
2022,CFC,6.3.1.3.01.01.015,63130101015,GÊNEROS DE ALIMENTAÇÃO,30000.0,23697.29,1
2022,CFC,6.3.1.3.01.01.016,63130101016,"MAT. DE HIGIENE, LIMPEZA E CONSERVAÇÃO",5000.0,278.88,1
2022,CFC,6.3.1.3.01.01.017,63130101017,BENS MÓVEIS NÃO ATIVAVEIS,5000.0,1516.97,1
2022,CFC,6.3.1.3.01.01.018,63130101018,MATERIAIS DE DISTRIBUIÇÃO GRATUITA,5000.0,0.0,1
2022,CFC,6.3.1.3.01.01.019,63130101019,"PRÊMIOS, DIPLOMAS E MEDALHAS",5250.0,0.0,1
2022,CFC,6.3.1.3.01.01.020,63130101020,GÁS E OUTROS MATERIAIS ENGARRAFADOS,1000.0,0.0,1
2022,CFC,6.3.1.3.01.02,63130102,DESPESAS COM VEÍCULOS ,50000.0,24266.69,0
2022,CFC,6.3.1.3.01.02.001,63130102001,COMBUSTÍVEIS E LUBRIFICANTES,35000.0,22638.49,1
2022,CFC,6.3.1.3.01.02.002,63130102002,PEÇAS E ACESSÓRIOS,15000.0,1628.2,1
2022,CFC,6.3.1.3.01.09,63130109,OUTROS MATERIAIS DE CONSUMO,6000.0,3160.33,0
2022,CFC,6.3.1.3.01.09.001,63130109001,OUTROS MATERIAIS DE CONSUMO,6000.0,3160.33,1
2022,CFC,6.3.1.3.02,631302,SERVIÇOS,42707700.0,27510448.35,0
2022,CFC,6.3.1.3.02.01,63130201,SERVIÇOS,27272310.0,17984762.04,0
2022,CFC,6.3.1.3.02.01.001,63130201001,SERVIÇO DE AUDITORIA E PERÍCIA,60000.0,32621.1,1
2022,CFC,6.3.1.3.02.01.002,63130201002,SERVIÇO DE ASSESSORIA E CONSULTORIA,559000.0,422339.74,1
2022,CFC,6.3.1.3.02.01.003,63130201003,SERVIÇOS ADVOCATÍCIOS,337330.0,255372.32,1
2022,CFC,6.3.1.3.02.01.004,63130201004,SERVIÇOS DE INSTRUTORES,1000.0,0.0,1
2022,CFC,6.3.1.3.02.01.005,63130201005,SERVIÇOS DE TECNOLOGIA DA INFORMAÇÃO,5615930.0,1593661.78,1
2022,CFC,6.3.1.3.02.01.006,63130201006,SERVIÇOS DE TRANSPORTE,5000.0,0.0,1
2022,CFC,6.3.1.3.02.01.007,63130201007,SERVIÇOS DE COPA E COZINHA ,85000.0,62540.22,1
2022,CFC,6.3.1.3.02.01.008,63130201008,"SERV.DE LIMPEZA, CONSERV. E JARDINAGEM",620000.0,525756.66,1
2022,CFC,6.3.1.3.02.01.009,63130201009,SERV. DE SEGURANÇA PREDIAL E PREVENTIVA,1552000.0,1505748.51,1
2022,CFC,6.3.1.3.02.01.010,63130201010,SERVIÇOS DE MEDICINA DO TRABALHO,50000.0,30138.0,1
2022,CFC,6.3.1.3.02.01.011,63130201011,"SELEÇÃO, TREINAMENTO E ORG/APLICAÇÃO DE EXAMES",5810000.0,4341178.88,1
2022,CFC,6.3.1.3.02.01.012,63130201012,SERVIÇOS DE INTERMEDIAÇÃO DE ESTAGIOS/APRENDIZES,32600.0,27949.68,1
2022,CFC,6.3.1.3.02.01.013,63130201013,ESTAGIOS,976000.0,826763.9,1
2022,CFC,6.3.1.3.02.01.016,63130201016,SERVIÇOS DE TRADUÇÃO,65500.0,3580.87,1
2022,CFC,6.3.1.3.02.01.017,63130201017,SERVIÇOS FOTOGRÁFICOS E VÍDEOS,65000.0,58010.03,1
2022,CFC,6.3.1.3.02.01.018,63130201018,SERVIÇO DE DIVULGAÇÃO INSTITUCIONAL,3156050.0,1505322.02,1
2022,CFC,6.3.1.3.02.01.020,63130201020,SERVIÇOS DE REPRESENTAÇÕES,2786000.0,2670824.5,1
2022,CFC,6.3.1.3.02.01.021,63130201021,SERVIÇOS DE APOIO ADMINISTRATIVO E OPERACIONAL,170000.0,162468.41,1
2022,CFC,6.3.1.3.02.01.022,63130201022,DEMAIS SERVIÇOS PROFISSIONAIS,62000.0,51645.0,1
2022,CFC,6.3.1.3.02.01.023,63130201023,SEGUROS DE BENS MÓVEIS,66000.0,3693.33,1
2022,CFC,6.3.1.3.02.01.024,63130201024,SEGUROS DE BENS IMÓVEIS,5000.0,3242.12,1
2022,CFC,6.3.1.3.02.01.025,63130201025,SEGUROS DE VIAGENS,1000.0,0.0,1
2022,CFC,6.3.1.3.02.01.026,63130201026,"LOC. DE BENS MÓVEIS, MÁQUINAS E EQUIP.",410000.0,385847.4,1
2022,CFC,6.3.1.3.02.01.027,63130201027,LOCAÇÃO DE BENS IMÓVEIS,45000.0,22422.35,1
2022,CFC,6.3.1.3.02.01.028,63130201028,CONDOMÍNIOS,5000.0,1895.75,1
2022,CFC,6.3.1.3.02.01.029,63130201029,MANUTENÇÃO E CONSERVAÇÃO BENS MÓVEIS ,120000.0,25282.97,1
2022,CFC,6.3.1.3.02.01.030,63130201030,MANUTENÇÃO E CONSERV. DOS BENS IMÓVEIS,880000.0,585660.68,1
2022,CFC,6.3.1.3.02.01.031,63130201031,MANUTENÇÃO E CONSERVAÇÃO DE VEÍCULOS,15000.0,5848.0,1
2022,CFC,6.3.1.3.02.01.032,63130201032,SERVIÇOS DE ENERGIA ELÉTRICA,600000.0,519500.35,1
2022,CFC,6.3.1.3.02.01.033,63130201033,SERVIÇOS DE ÁGUA E ESGOTO,130000.0,85831.18,1
2022,CFC,6.3.1.3.02.01.035,63130201035,POST.DE CORRESPONDÊNCIA INSTITUCIONAL,180000.0,43551.62,1
2022,CFC,6.3.1.3.02.01.036,63130201036,SERVIÇOS DE TELECOMUNICAÇÕES,60000.0,44561.55,1
2022,CFC,6.3.1.3.02.01.037,63130201037,SERVIÇOS DE INTERNET,74600.0,45984.62,1
2022,CFC,6.3.1.3.02.01.039,63130201039,ASSINATURAS,104900.0,25478.56,1
2022,CFC,6.3.1.3.02.01.040,63130201040,PUBLICAÇÕES TÉCNICAS,480000.0,325112.17,1
2022,CFC,6.3.1.3.02.01.044,63130201044,IMPRESSOS GRÁFICOS,37000.0,15408.82,1
2022,CFC,6.3.1.3.02.01.045,63130201045,CÓPIAS E MICROFILMAGEM DE DOCUMENTOS,70000.0,26994.57,1
2022,CFC,6.3.1.3.02.01.046,63130201046,ENCADERNAÇÃO DE DOCUMENTOS,3500.0,0.0,1
2022,CFC,6.3.1.3.02.01.047,63130201047,INSCRIÇÕES,115550.0,80511.81,1
2022,CFC,6.3.1.3.02.01.048,63130201048,SERVIÇOS DECORRENTES DE CONTRATOS DE TERCEIRIZAÇÃO,1861350.0,1662012.57,1
2022,CFC,6.3.1.3.02.03,63130203,DIÁRIAS,6398640.0,4689690.42,0
2022,CFC,6.3.1.3.02.03.001,63130203001,FUNCIONÁRIOS - DIÁRIAS,976110.0,580784.44,1
2022,CFC,6.3.1.3.02.03.002,63130203002,CONSELHEIROS - DIÁRIAS,3248790.0,2674626.98,1
2022,CFC,6.3.1.3.02.03.003,63130203003,COLABORADORES - DIÁRIAS,2173740.0,1434279.0,1
2022,CFC,6.3.1.3.02.04,63130204,PASSAGENS,8953750.0,4791326.18,0
2022,CFC,6.3.1.3.02.04.001,63130204001,FUNCIONÁRIOS - PASSAGENS,1421600.0,671337.98,1
2022,CFC,6.3.1.3.02.04.002,63130204002,CONSELHEIROS - PASSAGENS,3900300.0,2438312.73,1
2022,CFC,6.3.1.3.02.04.003,63130204003,COLABORADORES - PASSAGENS,3631850.0,1681675.47,1
2022,CFC,6.3.1.3.02.06,63130206,DESPESA COM LOCOMOÇÃO,83000.0,44669.71,0
2022,CFC,6.3.1.3.02.06.001,63130206001,AUXÍLIO DESLOCAMENTO,50000.0,44151.71,1
2022,CFC,6.3.1.3.02.06.002,63130206002,DESPESA COM EXCESSO DE BAGAGEM,2000.0,518.0,1
2022,CFC,6.3.1.3.02.06.003,63130206003,PEDÁGIOS,500.0,0.0,1
2022,CFC,6.3.1.3.02.06.004,63130206004,ESTACIONAMENTO,500.0,0.0,1
2022,CFC,6.3.1.3.02.06.005,63130206005,FRETES E TRANSPORTES DE ENCOMENDAS,30000.0,0.0,1
2022,CFC,6.3.1.4,6314,FINANCEIRAS,441600.0,255760.89,0
2022,CFC,6.3.1.4.01,631401,FINANCEIRAS,441600.0,255760.89,0
2022,CFC,6.3.1.4.01.02,63140102,SERVIÇOS BANCÁRIOS,441600.0,255760.89,0
2022,CFC,6.3.1.4.01.02.001,63140102001,TAXA SOBRE SERVIÇOS BANCÁRIOS,55600.0,18125.58,1
2022,CFC,6.3.1.4.01.02.002,63140102002,DESPESAS COM COBRANÇA,386000.0,237635.31,1
2022,CFC,6.3.1.5,6315,TRANSFERÊNCIAS CORRENTES,8095400.0,6424435.4,0
2022,CFC,6.3.1.5.01,631501,TRANSFERÊNCIAS CORRENTES,8095400.0,6424435.4,0
2022,CFC,6.3.1.5.01.01,63150101,SUBVENÇÕES,8095400.0,6424435.4,0
2022,CFC,6.3.1.5.01.01.001,63150101001,SUBVENÇÕES,8095400.0,6424435.4,1
2022,CFC,6.3.1.6,6316,TRIBUTÁRIAS E CONTRIBUTIVAS,647800.0,536929.13,0
2022,CFC,6.3.1.6.01,631601,TRIBUTÁRIAS E CONTRIBUTIVAS,647800.0,536929.13,0
2022,CFC,6.3.1.6.01.01,63160101,TRIBUTOS,647800.0,536929.13,0
2022,CFC,6.3.1.6.01.01.001,63160101001,INSS SOBRE SERVIÇOS PRESTADOS,5000.0,0.0,1
2022,CFC,6.3.1.6.01.01.002,63160101002,IMPOSTOS E TAXAS,597800.0,532152.23,1
2022,CFC,6.3.1.6.01.01.003,63160101003,DESPESAS JUDICIAIS,45000.0,4776.9,1
2022,CFC,6.3.1.9,6319,OUTRAS DESPESAS CORRENTES,2463000.0,1763144.86,0
2022,CFC,6.3.1.9.01,631901,OUTRAS DESPESAS CORRENTES,2463000.0,1763144.86,0
2022,CFC,6.3.1.9.01.01,63190101,DEMAIS DESPESAS CORRENTES,2463000.0,1763144.86,0
2022,CFC,6.3.1.9.01.01.001,63190101001,SENTENÇAS JUDICIAIS,208000.0,7251.33,1
2022,CFC,6.3.1.9.01.01.002,63190101002,"INDENIZAÇÕES, RESTITUIÇÕES E REPOSIÇÕES",45000.0,16055.5,1
2022,CFC,6.3.1.9.01.01.003,63190101003,DESPESAS DE EXERCÍCIOS ANTERIORES,1610000.0,1218081.53,1
2022,CFC,6.3.1.9.01.01.006,63190101006,REEMBOLSO DE DESPESA COM COBRANÇA,600000.0,521756.5,1
2022,CFC,6.3.2,632,DESPESAS DE CAPITAL,7346150.0,4828859.89,0
2022,CFC,6.3.2.1,6321,INVESTIMENTOS,3436150.0,1170398.52,0
2022,CFC,6.3.2.1.03,632103,EQUIPAMENTOS E MATERIAIS PERMANENTES,1273000.0,714619.13,0
2022,CFC,6.3.2.1.03.01,63210301,EQUIPAMENTOS E MATERIAIS PERMANENTES,1273000.0,714619.13,0
2022,CFC,6.3.2.1.03.01.001,63210301001,MÓVEIS E UTENSÍLIOS DE ESCRITÓRIOS,215500.0,211260.0,1
2022,CFC,6.3.2.1.03.01.002,63210301002,MÁQUINAS E EQUIPAMENTOS,892500.0,462787.43,1
2022,CFC,6.3.2.1.03.01.004,63210301004,UTENSÍLIOS DE COPA E COZINHA,20000.0,0.0,1
2022,CFC,6.3.2.1.03.01.006,63210301006,EQUIPAMENTOS DE PROCESSAMENTO DE DADOS,110000.0,38670.0,1
2022,CFC,6.3.2.1.03.01.008,63210301008,BIBLIOTECA,35000.0,1901.7,1
2022,CFC,6.3.2.1.05,632105,INTANGÍVEL,2163150.0,455779.39,0
2022,CFC,6.3.2.1.05.01,63210501,INTANGÍVEL,2163150.0,455779.39,0
2022,CFC,6.3.2.1.05.01.002,63210501002,SOFTWARES,2163150.0,455779.39,1
2022,CFC,6.3.2.4,6324,TRANSFERÊNCIAS DE CAPITAL,3910000.0,3658461.37,0
2022,CFC,6.3.2.4.01,632401,TRANSFERÊNCIAS DE CAPITAL,3910000.0,3658461.37,0
2022,CFC,6.3.2.4.01.01,63240101,TRANSFERÊNCIAS DE CAPITAL,3910000.0,3658461.37,0
2022,CFC,6.3.2.4.01.01.001,63240101001,AUXÍLIOS,3910000.0,3658461.37,1
2023,CFC,6.2,62,EXECUÇÃO DA RECEITA,109455620.0,88193855.99,0
2023,CFC,6.2.1,621,RECEITAS CORRENTES,80034170.0,86766342.3,0
2023,CFC,6.2.1.1,6211,CONTRIBUIÇÕES,61126110.0,59738952.27,0
2023,CFC,6.2.1.1.02,621102,COTA PARTE,61126110.0,59738952.27,0
2023,CFC,6.2.1.1.02.01,62110201,COTA PARTE,61126110.0,59738952.27,0
2023,CFC,6.2.1.1.02.01.001,62110201001,CRC-AC,148470.0,140641.93,1
2023,CFC,6.2.1.1.02.01.002,62110201002,CRC-AL,485050.0,522999.0,1
2023,CFC,6.2.1.1.02.01.003,62110201003,CRC-AM,720570.0,824859.88,1
2023,CFC,6.2.1.1.02.01.004,62110201004,CRC-AP,159660.0,155687.12,1
2023,CFC,6.2.1.1.02.01.005,62110201005,CRC-BA,2324680.0,2077236.81,1
2023,CFC,6.2.1.1.02.01.006,62110201006,CRC-CE,1433820.0,1389155.4,1
2023,CFC,6.2.1.1.02.01.007,62110201007,CRC-DF,1586000.0,1625461.35,1
2023,CFC,6.2.1.1.02.01.008,62110201008,CRC-ES,1416420.0,1388592.94,1
2023,CFC,6.2.1.1.02.01.009,62110201009,CRC-GO,1709150.0,1835676.35,1
2023,CFC,6.2.1.1.02.01.010,62110201010,CRC-MA,791010.0,785661.05,1
2023,CFC,6.2.1.1.02.01.011,62110201011,CRC-MG,6807150.0,6531547.68,1
2023,CFC,6.2.1.1.02.01.012,62110201012,CRC-MS,1028650.0,926447.22,1
2023,CFC,6.2.1.1.02.01.013,62110201013,CRC-MT,1308450.0,1377174.81,1
2023,CFC,6.2.1.1.02.01.014,62110201014,CRC-PA,1140550.0,1203699.79,1
2023,CFC,6.2.1.1.02.01.015,62110201015,CRC-PB,755670.0,723117.26,1
2023,CFC,6.2.1.1.02.01.016,62110201016,CRC-PE,1711270.0,1555131.69,1
2023,CFC,6.2.1.1.02.01.017,62110201017,CRC-PI,692960.0,593225.91,1
2023,CFC,6.2.1.1.02.01.018,62110201018,CRC-PR,4573590.0,4085664.61,1
2023,CFC,6.2.1.1.02.01.019,62110201019,CRC-RJ,5997230.0,5788887.65,1
2023,CFC,6.2.1.1.02.01.020,62110201020,CRC-RN,785750.0,820258.6,1
2023,CFC,6.2.1.1.02.01.021,62110201021,CRC-RO,522390.0,540029.09,1
2023,CFC,6.2.1.1.02.01.022,62110201022,CRC-RR,163230.0,165347.19,1
2023,CFC,6.2.1.1.02.01.023,62110201023,CRC-RS,4128510.0,3807637.16,1
2023,CFC,6.2.1.1.02.01.024,62110201024,CRC-SC,2917540.0,2810921.86,1
2023,CFC,6.2.1.1.02.01.025,62110201025,CRC-SE,443800.0,444568.36,1
2023,CFC,6.2.1.1.02.01.026,62110201026,CRC-SP,16903640.0,17132898.6,1
2023,CFC,6.2.1.1.02.01.027,62110201027,CRC-TO,470900.0,486422.96,1
2023,CFC,6.2.1.2,6212,EXPLORAÇÃO DE BENS E SERVIÇOS,7924720.0,8052609.43,0
2023,CFC,6.2.1.2.02,621202,EXPLORAÇÃO DE SERVIÇOS,7924720.0,8052609.43,0
2023,CFC,6.2.1.2.02.02,62120202,EMOLUMENTOS COM EXPEDIÇÕES DE CARTEIRAS,360000.0,502437.0,0
2023,CFC,6.2.1.2.02.02.001,62120202001,PROFISSIONAIS,360000.0,502437.0,1
2023,CFC,6.2.1.2.02.05,62120205,RECEITAS DE EXAME DE SUFICIÊNCIA,5600000.0,6299160.0,0
2023,CFC,6.2.1.2.02.05.001,62120205001,EXAME DE SUFICIÊNCIA,5600000.0,6299160.0,1
2023,CFC,6.2.1.2.02.06,62120206,RECEITAS DE EXAME DE QUALIF. TÉC. (CNAI),1944720.0,1182340.0,0
2023,CFC,6.2.1.2.02.06.001,62120206001,EXAME DE QUALIFICAÇÃO TÉCNICA (CNAI),1944720.0,1182340.0,1
2023,CFC,6.2.1.2.02.09,62120209,RECEITAS DIVERSAS,20000.0,68672.43,0
2023,CFC,6.2.1.2.02.09.013,62120209013,RECUPERAÇÃO DE OUTRAS DESPESAS OPERAC.,15000.0,21595.54,1
2023,CFC,6.2.1.2.02.09.099,62120209099,DEMAIS RECEITAS DIVERSAS,5000.0,47076.89,1
2023,CFC,6.2.1.3,6213,FINANCEIRAS,10980340.0,18819821.56,0
2023,CFC,6.2.1.3.01,621301,JUROS E ENCARGOS S/EMPRÉSTIMOS CONCED.,677500.0,478151.74,0
2023,CFC,6.2.1.3.01.01,62130101,JUROS E ENCARGOS S/EMPRÉSTIMOS CONCED.,677500.0,478151.74,0
2023,CFC,6.2.1.3.01.01.001,62130101001,JUROS SOBRE EMPRÉSTIMOS,677500.0,478151.74,1
2023,CFC,6.2.1.3.05,621305,REMUN. DE DEP. BANC. E APLIC. FINANC.,10302840.0,18341669.82,0
2023,CFC,6.2.1.3.05.01,62130501,RENDIMENTOS DE APLICAÇÃO ,10302840.0,18341669.82,0
2023,CFC,6.2.1.3.05.01.004,62130501004,FUNDOS DE INVESTIMENTOS,10302840.0,18341669.82,1
2023,CFC,6.2.1.9,6219,OUTRAS RECEITAS CORRENTES,3000.0,154959.04,0
2023,CFC,6.2.1.9.02,621902,INDENIZAÇÕES E RESTITUIÇÕES,3000.0,154959.04,0
2023,CFC,6.2.1.9.02.01,62190201,INDENIZAÇÕES E RESTITUIÇÕES,3000.0,154959.04,0
2023,CFC,6.2.1.9.02.01.001,62190201001,INDENIZAÇÕES,1000.0,17001.58,1
2023,CFC,6.2.1.9.02.01.002,62190201002,RESTITUIÇÕES,2000.0,137957.46,1
2023,CFC,6.2.2,622,RECEITAS DE CAPITAL,2265830.0,1427513.69,0
2023,CFC,6.2.2.4,6224,AMORTIZAÇÃO DE EMPRÉSTIMOS CONCEDIDOS,2265830.0,1422761.83,0
2023,CFC,6.2.2.4.01,622401,AMORTIZAÇÃO DE EMPRÉSTIMOS CONCEDIDOS,2265830.0,1422761.83,0
2023,CFC,6.2.2.4.01.02,62240102,"EMPREST.P/AQUIS., CONSTR. E REFORMA DE SEDE",2265830.0,1422761.83,0
2023,CFC,6.2.2.4.01.02.005,62240102005,CRC - BA,376720.0,0.0,1
2023,CFC,6.2.2.4.01.02.008,62240102008,CRC - ES,97500.0,195000.0,1
2023,CFC,6.2.2.4.01.02.010,62240102010,CRC - MA,261750.0,0.0,1
2023,CFC,6.2.2.4.01.02.016,62240102016,CRC -PE,700320.0,525236.75,1
2023,CFC,6.2.2.4.01.02.017,62240102017,CRC - PI,127000.0,0.0,1
2023,CFC,6.2.2.4.01.02.021,62240102021,CRC - RO,68060.0,68051.3,1
2023,CFC,6.2.2.4.01.02.023,62240102023,CRC - RS,565000.0,565000.0,1
2023,CFC,6.2.2.4.01.02.027,62240102027,CRC - TO,69480.0,69473.78,1
2023,CFC,6.2.2.9,6229,OUTRAS RECEITAS DE CAPITAL,0.0,4751.86,0
2023,CFC,6.2.2.9.01,622901,INDENIZAÇÕES E RESTITUIÇÕES,0.0,4751.86,0
2023,CFC,6.2.2.9.01.01,62290101,INDENIZAÇÕES E RESTITUIÇÕES,0.0,4751.86,0
2023,CFC,6.2.2.9.01.01.002,62290101002,RESTITUIÇÕES,0.0,4751.86,1
2023,CFC,6.2.3,623,PREVISÃO ADICIONAL,27155620.0,0.0,0
2023,CFC,6.2.3.1,6231,PREVISÃO ADICIONAL,27155620.0,0.0,0
2023,CFC,6.2.3.1.01,623101,PREVISÃO ADICIONAL,27155620.0,0.0,0
2023,CFC,6.2.3.1.01.01,62310101,PREVISÃO ADICIONAL,27155620.0,0.0,0
2023,CFC,6.2.3.1.01.01.001,62310101001,SUPERÁVIT FINANCEIRO,27155620.0,0.0,1
2023,CFC,6.3,63,EXECUÇÃO DA DESPESA,109455620.0,87489531.14,0
2023,CFC,6.3.1,631,DESPESAS CORRENTES,93101690.0,77199821.63,0
2023,CFC,6.3.1.1,6311,PESSOAL E ENCARGOS,33415250.0,31555817.49,0
2023,CFC,6.3.1.1.01,631101,PESSOAL E ENCARGOS,33415250.0,31555817.49,0
2023,CFC,6.3.1.1.01.01,63110101,REMUNERAÇÃO PESSOAL,23090650.0,21543560.68,0
2023,CFC,6.3.1.1.01.01.001,63110101001,SALÁRIOS,14197600.0,14071082.54,1
2023,CFC,6.3.1.1.01.01.003,63110101003,GRATIFICAÇÃO POR EXERCÍCIO DE CARGOS,3255000.0,3091663.36,1
2023,CFC,6.3.1.1.01.01.004,63110101004,GRATIFICAÇÃO DE NATAL - 13º SALÁRIO,1640000.0,1580411.85,1
2023,CFC,6.3.1.1.01.01.005,63110101005,FÉRIAS  ,2050000.0,1974926.76,1
2023,CFC,6.3.1.1.01.01.006,63110101006,ABONO PECUNIÁRIO DE FÉRIAS,669000.0,284591.55,1
2023,CFC,6.3.1.1.01.01.007,63110101007,HORAS EXTRAS,34000.0,21678.12,1
2023,CFC,6.3.1.1.01.01.008,63110101008,SUBSTITUIÇÕES,115000.0,102709.37,1
2023,CFC,6.3.1.1.01.01.009,63110101009,ADICIONAL NOTURNO,50.0,0.0,1
2023,CFC,6.3.1.1.01.01.010,63110101010,INDENIZAÇÕES TRABALHISTAS,1130000.0,416497.13,1
2023,CFC,6.3.1.1.01.02,63110102,ENCARGOS PATRONAIS,6859500.0,6726999.24,0
2023,CFC,6.3.1.1.01.02.001,63110102001,INSS ENTIDADE,4887500.0,4849553.76,1
2023,CFC,6.3.1.1.01.02.002,63110102002,FGTS,1750000.0,1664012.72,1
2023,CFC,6.3.1.1.01.02.003,63110102003,PIS SOBRE FOLHA DE PAGAMENTO,222000.0,213432.76,1
2023,CFC,6.3.1.1.01.03,63110103,BENEFÍCIOS A PESSOAL,3465100.0,3285257.57,0
2023,CFC,6.3.1.1.01.03.001,63110103001,VALE TRANSPORTE,10000.0,8390.19,1
2023,CFC,6.3.1.1.01.03.002,63110103002,PROGRAMA DE ALIMENT. AO TRABALHADOR-PAT,1736000.0,1735456.0,1
2023,CFC,6.3.1.1.01.03.003,63110103003,PLANO DE SAÚDE,1690000.0,1516438.47,1
2023,CFC,6.3.1.1.01.03.004,63110103004,PLANO ODONTOLÓGICO,29100.0,24972.91,1
2023,CFC,6.3.1.2,6312,BENEFÍCIOS ASSISTENCIAIS,290000.0,166032.82,0
2023,CFC,6.3.1.2.01,631201,BENEFÍCIOS ASSISTENCIAIS,290000.0,166032.82,0
2023,CFC,6.3.1.2.01.01,63120101,BENEFÍCIOS ASSISTENCIAIS,290000.0,166032.82,0
2023,CFC,6.3.1.2.01.01.001,63120101001,AUXÍLIO EDUCAÇÃO,100000.0,37826.08,1
2023,CFC,6.3.1.2.01.01.002,63120101002,AUXÍLIO CRECHE ,190000.0,128206.74,1
2023,CFC,6.3.1.3,6313,USO DE BENS E SERVIÇOS,52338980.0,40028597.94,0
2023,CFC,6.3.1.3.01,631301,MATERIAL DE CONSUMO ,817400.0,274940.67,0
2023,CFC,6.3.1.3.01.01,63130101,MATERIAL DE CONSUMO,779400.0,254300.92,0
2023,CFC,6.3.1.3.01.01.001,63130101001,MATERIAIS DE EXPEDIENTE,40000.0,1172.16,1
2023,CFC,6.3.1.3.01.01.002,63130101002,"IMPRESSOS, FORMULÁRIOS E PAPÉIS",2000.0,390.0,1
2023,CFC,6.3.1.3.01.01.004,63130101004,CARTEIRAS DE IDENTIFICAÇÃO PROFISSIONAL,400000.0,151822.96,1
2023,CFC,6.3.1.3.01.01.005,63130101005,"BANDEIRAS, FLÂMULAS E PLACAS",5000.0,418.6,1
2023,CFC,6.3.1.3.01.01.006,63130101006,"MATERIAL PARA AUDIO, VÍDEO E FOTO",2000.0,359.7,1
2023,CFC,6.3.1.3.01.01.008,63130101008,MATERIAIS DE INFORMÁTICA,95000.0,49092.48,1
2023,CFC,6.3.1.3.01.01.010,63130101010,MATERIAIS ELÉTRICOS E DE TELEFONIA,31400.0,8210.41,1
2023,CFC,6.3.1.3.01.01.011,63130101011,MATERIAIS PARA MANUT. DE BENS MÓVEIS,20000.0,1070.88,1
2023,CFC,6.3.1.3.01.01.012,63130101012,MATERIAIS PARA MANUT. DE BENS IMÓVEIS,90000.0,4119.44,1
2023,CFC,6.3.1.3.01.01.013,63130101013,MATERIAL DE COPA E COZINHA,10000.0,487.54,1
2023,CFC,6.3.1.3.01.01.014,63130101014,"UNIFORMES, TECIDOS E AVIAMENTOS",5000.0,0.0,1
2023,CFC,6.3.1.3.01.01.015,63130101015,GÊNEROS DE ALIMENTAÇÃO,60000.0,35249.19,1
2023,CFC,6.3.1.3.01.01.016,63130101016,"MAT. DE HIGIENE, LIMPEZA E CONSERVAÇÃO",5000.0,0.0,1
2023,CFC,6.3.1.3.01.01.017,63130101017,BENS MÓVEIS NÃO ATIVAVEIS,5000.0,1907.56,1
2023,CFC,6.3.1.3.01.01.019,63130101019,"PRÊMIOS, DIPLOMAS E MEDALHAS",8000.0,0.0,1
2023,CFC,6.3.1.3.01.01.020,63130101020,GÁS E OUTROS MATERIAIS ENGARRAFADOS,1000.0,0.0,1
2023,CFC,6.3.1.3.01.02,63130102,DESPESAS COM VEÍCULOS ,35000.0,18705.62,0
2023,CFC,6.3.1.3.01.02.001,63130102001,COMBUSTÍVEIS E LUBRIFICANTES,25000.0,13782.62,1
2023,CFC,6.3.1.3.01.02.002,63130102002,PEÇAS E ACESSÓRIOS,10000.0,4923.0,1
2023,CFC,6.3.1.3.01.09,63130109,OUTROS MATERIAIS DE CONSUMO,3000.0,1934.13,0
2023,CFC,6.3.1.3.01.09.001,63130109001,OUTROS MATERIAIS DE CONSUMO,3000.0,1934.13,1
2023,CFC,6.3.1.3.02,631302,SERVIÇOS,51521580.0,39753657.27,0
2023,CFC,6.3.1.3.02.01,63130201,SERVIÇOS,35141081.31,26086542.46,0
2023,CFC,6.3.1.3.02.01.001,63130201001,SERVIÇO DE AUDITORIA E PERÍCIA,71501.31,41381.1,1
2023,CFC,6.3.1.3.02.01.002,63130201002,SERVIÇO DE ASSESSORIA E CONSULTORIA,672400.0,396516.0,1
2023,CFC,6.3.1.3.02.01.003,63130201003,SERVIÇOS ADVOCATÍCIOS,175160.0,73931.8,1
2023,CFC,6.3.1.3.02.01.004,63130201004,SERVIÇOS DE INSTRUTORES,1000.0,0.0,1
2023,CFC,6.3.1.3.02.01.005,63130201005,SERVIÇOS DE TECNOLOGIA DA INFORMAÇÃO,10758900.0,5105480.32,1
2023,CFC,6.3.1.3.02.01.007,63130201007,SERVIÇOS DE COPA E COZINHA ,100000.0,75808.61,1
2023,CFC,6.3.1.3.02.01.008,63130201008,"SERV.DE LIMPEZA, CONSERV. E JARDINAGEM",620000.0,565235.48,1
2023,CFC,6.3.1.3.02.01.009,63130201009,SERV. DE SEGURANÇA PREDIAL E PREVENTIVA,1546000.0,1493008.28,1
2023,CFC,6.3.1.3.02.01.010,63130201010,SERVIÇOS DE MEDICINA DO TRABALHO,50000.0,11573.0,1
2023,CFC,6.3.1.3.02.01.011,63130201011,"SELEÇÃO, TREINAMENTO E ORG/APLICAÇÃO DE EXAMES",5753090.0,5120311.74,1
2023,CFC,6.3.1.3.02.01.012,63130201012,SERVIÇOS DE INTERMEDIAÇÃO DE ESTAGIOS/APRENDIZES,35500.0,34498.01,1
2023,CFC,6.3.1.3.02.01.013,63130201013,ESTAGIOS,1479000.0,1152280.41,1
2023,CFC,6.3.1.3.02.01.016,63130201016,SERVIÇOS DE TRADUÇÃO,109000.0,19674.0,1
2023,CFC,6.3.1.3.02.01.017,63130201017,SERVIÇOS FOTOGRÁFICOS E VÍDEOS,145000.0,90595.0,1
2023,CFC,6.3.1.3.02.01.018,63130201018,SERVIÇO DE DIVULGAÇÃO INSTITUCIONAL,3004000.0,2781579.27,1
2023,CFC,6.3.1.3.02.01.019,63130201019,SERVIÇO DE PRODUÇÕES JORNALÍSTICAS,50000.0,0.0,1
2023,CFC,6.3.1.3.02.01.020,63130201020,SERVIÇOS DE REPRESENTAÇÕES,2767670.0,2740612.0,1
2023,CFC,6.3.1.3.02.01.021,63130201021,SERVIÇOS DE APOIO ADMINISTRATIVO E OPERACIONAL,180000.0,175929.12,1
2023,CFC,6.3.1.3.02.01.022,63130201022,DEMAIS SERVIÇOS PROFISSIONAIS,60000.0,34000.0,1
2023,CFC,6.3.1.3.02.01.023,63130201023,SEGUROS DE BENS MÓVEIS,6000.0,3689.81,1
2023,CFC,6.3.1.3.02.01.024,63130201024,SEGUROS DE BENS IMÓVEIS,5000.0,3209.76,1
2023,CFC,6.3.1.3.02.01.026,63130201026,"LOC. DE BENS MÓVEIS, MÁQUINAS E EQUIP.",1128400.0,956668.71,1
2023,CFC,6.3.1.3.02.01.027,63130201027,LOCAÇÃO DE BENS IMÓVEIS,590000.0,480509.0,1
2023,CFC,6.3.1.3.02.01.028,63130201028,CONDOMÍNIOS,5000.0,3565.96,1
2023,CFC,6.3.1.3.02.01.029,63130201029,MANUTENÇÃO E CONSERVAÇÃO BENS MÓVEIS ,35000.0,29184.12,1
2023,CFC,6.3.1.3.02.01.030,63130201030,MANUTENÇÃO E CONSERV. DOS BENS IMÓVEIS,324600.0,199836.74,1
2023,CFC,6.3.1.3.02.01.031,63130201031,MANUTENÇÃO E CONSERVAÇÃO DE VEÍCULOS,20000.0,5735.13,1
2023,CFC,6.3.1.3.02.01.032,63130201032,SERVIÇOS DE ENERGIA ELÉTRICA,656000.0,580971.04,1
2023,CFC,6.3.1.3.02.01.033,63130201033,SERVIÇOS DE ÁGUA E ESGOTO,123000.0,109555.48,1
2023,CFC,6.3.1.3.02.01.035,63130201035,POST.DE CORRESPONDÊNCIA INSTITUCIONAL,180000.0,84761.99,1
2023,CFC,6.3.1.3.02.01.036,63130201036,SERVIÇOS DE TELECOMUNICAÇÕES,52000.0,42969.69,1
2023,CFC,6.3.1.3.02.01.037,63130201037,SERVIÇOS DE INTERNET,141500.0,53574.86,1
2023,CFC,6.3.1.3.02.01.039,63130201039,ASSINATURAS,64650.0,47317.44,1
2023,CFC,6.3.1.3.02.01.040,63130201040,PUBLICAÇÕES TÉCNICAS,445000.0,292173.3,1
2023,CFC,6.3.1.3.02.01.044,63130201044,IMPRESSOS GRÁFICOS,39000.0,5227.45,1
2023,CFC,6.3.1.3.02.01.045,63130201045,CÓPIAS E MICROFILMAGEM DE DOCUMENTOS,68000.0,32493.4,1
2023,CFC,6.3.1.3.02.01.046,63130201046,ENCADERNAÇÃO DE DOCUMENTOS,4000.0,720.0,1
2023,CFC,6.3.1.3.02.01.047,63130201047,INSCRIÇÕES,660240.0,544176.95,1
2023,CFC,6.3.1.3.02.01.048,63130201048,SERVIÇOS DECORRENTES DE CONTRATOS DE TERCEIRIZAÇÃO,3015470.0,2697787.49,1
2023,CFC,6.3.1.3.02.03,63130203,DIÁRIAS,7954280.0,7110095.04,0
2023,CFC,6.3.1.3.02.03.001,63130203001,FUNCIONÁRIOS - DIÁRIAS,1695820.0,1489623.14,1
2023,CFC,6.3.1.3.02.03.002,63130203002,CONSELHEIROS - DIÁRIAS,3576900.0,3371737.74,1
2023,CFC,6.3.1.3.02.03.003,63130203003,COLABORADORES - DIÁRIAS,2681560.0,2248734.16,1
2023,CFC,6.3.1.3.02.04,63130204,PASSAGENS,8365218.69,6522610.74,0
2023,CFC,6.3.1.3.02.04.001,63130204001,FUNCIONÁRIOS - PASSAGENS,1760103.79,1344368.19,1
2023,CFC,6.3.1.3.02.04.002,63130204002,CONSELHEIROS - PASSAGENS,3375951.78,2643635.42,1
2023,CFC,6.3.1.3.02.04.003,63130204003,COLABORADORES - PASSAGENS,3229163.12,2534607.13,1
2023,CFC,6.3.1.3.02.06,63130206,DESPESA COM LOCOMOÇÃO,61000.0,34409.03,0
2023,CFC,6.3.1.3.02.06.001,63130206001,AUXÍLIO DESLOCAMENTO,49500.0,34225.03,1
2023,CFC,6.3.1.3.02.06.002,63130206002,DESPESA COM EXCESSO DE BAGAGEM,1000.0,160.0,1
2023,CFC,6.3.1.3.02.06.003,63130206003,PEDÁGIOS,500.0,24.0,1
2023,CFC,6.3.1.3.02.06.005,63130206005,FRETES E TRANSPORTES DE ENCOMENDAS,10000.0,0.0,1
2023,CFC,6.3.1.4,6314,FINANCEIRAS,340000.0,250206.39,0
2023,CFC,6.3.1.4.01,631401,FINANCEIRAS,340000.0,250206.39,0
2023,CFC,6.3.1.4.01.02,63140102,SERVIÇOS BANCÁRIOS,340000.0,250206.39,0
2023,CFC,6.3.1.4.01.02.001,63140102001,TAXA SOBRE SERVIÇOS BANCÁRIOS,37000.0,24450.39,1
2023,CFC,6.3.1.4.01.02.002,63140102002,DESPESAS COM COBRANÇA,303000.0,225756.0,1
2023,CFC,6.3.1.5,6315,TRANSFERÊNCIAS CORRENTES,4713340.0,3819203.63,0
2023,CFC,6.3.1.5.01,631501,TRANSFERÊNCIAS CORRENTES,4713340.0,3819203.63,0
2023,CFC,6.3.1.5.01.01,63150101,SUBVENÇÕES,4713340.0,3819203.63,0
2023,CFC,6.3.1.5.01.01.001,63150101001,SUBVENÇÕES,4713340.0,3819203.63,1
2023,CFC,6.3.1.6,6316,TRIBUTÁRIAS E CONTRIBUTIVAS,596370.0,574087.24,0
2023,CFC,6.3.1.6.01,631601,TRIBUTÁRIAS E CONTRIBUTIVAS,596370.0,574087.24,0
2023,CFC,6.3.1.6.01.01,63160101,TRIBUTOS,596370.0,574087.24,0
2023,CFC,6.3.1.6.01.01.002,63160101002,IMPOSTOS E TAXAS,589370.0,568958.24,1
2023,CFC,6.3.1.6.01.01.003,63160101003,DESPESAS JUDICIAIS,7000.0,5129.0,1
2023,CFC,6.3.1.9,6319,OUTRAS DESPESAS CORRENTES,1407750.0,805876.12,0
2023,CFC,6.3.1.9.01,631901,OUTRAS DESPESAS CORRENTES,1407750.0,805876.12,0
2023,CFC,6.3.1.9.01.01,63190101,DEMAIS DESPESAS CORRENTES,1407750.0,805876.12,0
2023,CFC,6.3.1.9.01.01.001,63190101001,SENTENÇAS JUDICIAIS,520000.0,22.89,1
2023,CFC,6.3.1.9.01.01.002,63190101002,"INDENIZAÇÕES, RESTITUIÇÕES E REPOSIÇÕES",25000.0,14640.99,1
2023,CFC,6.3.1.9.01.01.003,63190101003,DESPESAS DE EXERCÍCIOS ANTERIORES,262750.0,248115.52,1
2023,CFC,6.3.1.9.01.01.006,63190101006,REEMBOLSO DE DESPESA COM COBRANÇA,600000.0,543096.72,1
2023,CFC,6.3.2,632,DESPESAS DE CAPITAL,16353930.0,10289709.51,0
2023,CFC,6.3.2.1,6321,INVESTIMENTOS,13225930.0,7709133.99,0
2023,CFC,6.3.2.1.01,632101,"OBRAS, INSTALAÇÕES E REFORMAS",2780000.0,1408400.52,0
2023,CFC,6.3.2.1.01.01,63210101,"OBRAS, INSTALAÇÕES E REFORMAS",2780000.0,1408400.52,0
2023,CFC,6.3.2.1.01.01.002,63210101002,REFORMAS,2780000.0,1408400.52,1
2023,CFC,6.3.2.1.03,632103,EQUIPAMENTOS E MATERIAIS PERMANENTES,1818430.0,830430.69,0
2023,CFC,6.3.2.1.03.01,63210301,EQUIPAMENTOS E MATERIAIS PERMANENTES,1818430.0,830430.69,0
2023,CFC,6.3.2.1.03.01.001,63210301001,MÓVEIS E UTENSÍLIOS DE ESCRITÓRIOS,82280.0,3527.0,1
2023,CFC,6.3.2.1.03.01.002,63210301002,MÁQUINAS E EQUIPAMENTOS,613150.0,412666.35,1
2023,CFC,6.3.2.1.03.01.003,63210301003,INSTALAÇÕES,75000.0,0.0,1
2023,CFC,6.3.2.1.03.01.006,63210301006,EQUIPAMENTOS DE PROCESSAMENTO DE DADOS,1008000.0,397349.02,1
2023,CFC,6.3.2.1.03.01.008,63210301008,BIBLIOTECA,40000.0,16888.32,1
2023,CFC,6.3.2.1.04,632104,AQUISIÇÃO DE IMÓVEIS,6335000.0,4450000.0,0
2023,CFC,6.3.2.1.04.01,63210401,AQUISIÇÃO DE IMÓVEIS,6335000.0,4450000.0,0
2023,CFC,6.3.2.1.04.01.003,63210401003,TERRENOS,6335000.0,4450000.0,1
2023,CFC,6.3.2.1.05,632105,INTANGÍVEL,2292500.0,1020302.78,0
2023,CFC,6.3.2.1.05.01,63210501,INTANGÍVEL,2292500.0,1020302.78,0
2023,CFC,6.3.2.1.05.01.002,63210501002,SOFTWARES,2292500.0,1020302.78,1
2023,CFC,6.3.2.4,6324,TRANSFERÊNCIAS DE CAPITAL,3128000.0,2580575.52,0
2023,CFC,6.3.2.4.01,632401,TRANSFERÊNCIAS DE CAPITAL,3128000.0,2580575.52,0
2023,CFC,6.3.2.4.01.01,63240101,TRANSFERÊNCIAS DE CAPITAL,3128000.0,2580575.52,0
2023,CFC,6.3.2.4.01.01.001,63240101001,AUXÍLIOS,3128000.0,2580575.52,1
2024,CFC,6.2,62,EXECUÇÃO DA RECEITA,116828000.0,93757689.21,0
2024,CFC,6.2.1,621,RECEITAS CORRENTES,94086153.0,91881552.31,0
2024,CFC,6.2.1.1,6211,CONTRIBUIÇÕES,64779400.0,64901687.5,0
2024,CFC,6.2.1.1.02,621102,COTA PARTE,64779400.0,64901687.5,0
2024,CFC,6.2.1.1.02.01,62110201,COTA PARTE,64779400.0,64901687.5,0
2024,CFC,6.2.1.1.02.01.001,62110201001,CRC-AC,158560.0,200069.24,1
2024,CFC,6.2.1.1.02.01.002,62110201002,CRC-AL,569700.0,550571.69,1
2024,CFC,6.2.1.1.02.01.003,62110201003,CRC-AM,917430.0,982529.67,1
2024,CFC,6.2.1.1.02.01.004,62110201004,CRC-AP,159880.0,162135.42,1
2024,CFC,6.2.1.1.02.01.005,62110201005,CRC-BA,2416590.0,2157047.34,1
2024,CFC,6.2.1.1.02.01.006,62110201006,CRC-CE,1554140.0,1614388.26,1
2024,CFC,6.2.1.1.02.01.007,62110201007,CRC-DF,1683950.0,1789213.58,1
2024,CFC,6.2.1.1.02.01.008,62110201008,CRC-ES,1514540.0,1390011.83,1
2024,CFC,6.2.1.1.02.01.009,62110201009,CRC-GO,1945430.0,1945688.74,1
2024,CFC,6.2.1.1.02.01.010,62110201010,CRC-MA,834590.0,827005.44,1
2024,CFC,6.2.1.1.02.01.011,62110201011,CRC-MG,7082120.0,6780625.4,1
2024,CFC,6.2.1.1.02.01.012,62110201012,CRC-MS,997880.0,907172.79,1
2024,CFC,6.2.1.1.02.01.013,62110201013,CRC-MT,1503110.0,1402993.49,1
2024,CFC,6.2.1.1.02.01.014,62110201014,CRC-PA,1313580.0,1182501.13,1
2024,CFC,6.2.1.1.02.01.015,62110201015,CRC-PB,810960.0,755633.7,1
2024,CFC,6.2.1.1.02.01.016,62110201016,CRC-PE,1867410.0,1727965.91,1
2024,CFC,6.2.1.1.02.01.017,62110201017,CRC-PI,733560.0,620578.47,1
2024,CFC,6.2.1.1.02.01.018,62110201018,CRC-PR,4552870.0,4266240.49,1
2024,CFC,6.2.1.1.02.01.019,62110201019,CRC-RJ,6404930.0,5851171.14,1
2024,CFC,6.2.1.1.02.01.020,62110201020,CRC-RN,908190.0,836045.32,1
2024,CFC,6.2.1.1.02.01.021,62110201021,CRC-RO,603820.0,559733.7,1
2024,CFC,6.2.1.1.02.01.022,62110201022,CRC-RR,172400.0,186000.34,1
2024,CFC,6.2.1.1.02.01.023,62110201023,CRC-RS,4343370.0,3902036.1,1
2024,CFC,6.2.1.1.02.01.024,62110201024,CRC-SC,2992070.0,2868457.23,1
2024,CFC,6.2.1.1.02.01.025,62110201025,CRC-SE,478090.0,478562.99,1
2024,CFC,6.2.1.1.02.01.026,62110201026,CRC-SP,17751730.0,20423114.31,1
2024,CFC,6.2.1.1.02.01.027,62110201027,CRC-TO,508500.0,534193.78,1
2024,CFC,6.2.1.2,6212,EXPLORAÇÃO DE BENS E SERVIÇOS,9857000.0,11112212.23,0
2024,CFC,6.2.1.2.02,621202,EXPLORAÇÃO DE SERVIÇOS,9857000.0,11112212.23,0
2024,CFC,6.2.1.2.02.02,62120202,EMOLUMENTOS COM EXPEDIÇÕES DE CARTEIRAS,860000.0,561935.15,0
2024,CFC,6.2.1.2.02.02.001,62120202001,PROFISSIONAIS,860000.0,561935.15,1
2024,CFC,6.2.1.2.02.05,62120205,RECEITAS DE EXAME DE SUFICIÊNCIA,7000000.0,9282800.81,0
2024,CFC,6.2.1.2.02.05.001,62120205001,EXAME DE SUFICIÊNCIA,7000000.0,9282800.81,1
2024,CFC,6.2.1.2.02.06,62120206,RECEITAS DE EXAME DE QUALIF. TÉC. (CNAI),1952000.0,1228784.0,0
2024,CFC,6.2.1.2.02.06.001,62120206001,EXAME DE QUALIFICAÇÃO TÉCNICA (CNAI),1952000.0,1228784.0,1
2024,CFC,6.2.1.2.02.09,62120209,RECEITAS DIVERSAS,45000.0,38692.27,0
2024,CFC,6.2.1.2.02.09.013,62120209013,RECUPERAÇÃO DE OUTRAS DESPESAS OPERAC.,25000.0,20182.04,1
2024,CFC,6.2.1.2.02.09.099,62120209099,DEMAIS RECEITAS DIVERSAS,20000.0,18510.23,1
2024,CFC,6.2.1.3,6213,FINANCEIRAS,19449753.0,15708584.12,0
2024,CFC,6.2.1.3.01,621301,JUROS E ENCARGOS S/EMPRÉSTIMOS CONCED.,711963.0,637472.47,0
2024,CFC,6.2.1.3.01.01,62130101,JUROS E ENCARGOS S/EMPRÉSTIMOS CONCED.,711963.0,637472.47,0
2024,CFC,6.2.1.3.01.01.001,62130101001,JUROS SOBRE EMPRÉSTIMOS,711963.0,637472.47,1
2024,CFC,6.2.1.3.05,621305,REMUN. DE DEP. BANC. E APLIC. FINANC.,18737790.0,15071111.65,0
2024,CFC,6.2.1.3.05.01,62130501,RENDIMENTOS DE APLICAÇÃO ,18737790.0,15071111.65,0
2024,CFC,6.2.1.3.05.01.004,62130501004,FUNDOS DE INVESTIMENTOS,18737790.0,15071111.65,1
2024,CFC,6.2.1.9,6219,OUTRAS RECEITAS CORRENTES,0.0,159068.46,0
2024,CFC,6.2.1.9.02,621902,INDENIZAÇÕES E RESTITUIÇÕES,0.0,159068.46,0
2024,CFC,6.2.1.9.02.01,62190201,INDENIZAÇÕES E RESTITUIÇÕES,0.0,159068.46,0
2024,CFC,6.2.1.9.02.01.001,62190201001,INDENIZAÇÕES,0.0,1100.44,1
2024,CFC,6.2.1.9.02.01.002,62190201002,RESTITUIÇÕES,0.0,157968.02,1
2024,CFC,6.2.2,622,RECEITAS DE CAPITAL,2221847.0,1876136.9,0
2024,CFC,6.2.2.4,6224,AMORTIZAÇÃO DE EMPRÉSTIMOS CONCEDIDOS,2221847.0,1876136.9,0
2024,CFC,6.2.2.4.01,622401,AMORTIZAÇÃO DE EMPRÉSTIMOS CONCEDIDOS,2221847.0,1876136.9,0
2024,CFC,6.2.2.4.01.02,62240102,"EMPREST.P/AQUIS., CONSTR. E REFORMA DE SEDE",2221847.0,1876136.9,0
2024,CFC,6.2.2.4.01.02.005,62240102005,CRC - BA,470000.0,528800.0,1
2024,CFC,6.2.2.4.01.02.010,62240102010,CRC - MA,271480.0,90565.21,1
2024,CFC,6.2.2.4.01.02.016,62240102016,CRC -PE,700316.0,603720.39,1
2024,CFC,6.2.2.4.01.02.017,62240102017,CRC - PI,127000.0,0.0,1
2024,CFC,6.2.2.4.01.02.021,62240102021,CRC - RO,68051.0,68051.3,1
2024,CFC,6.2.2.4.01.02.023,62240102023,CRC - RS,585000.0,585000.0,1
2024,CFC,6.2.3,623,PREVISÃO ADICIONAL,20520000.0,0.0,0
2024,CFC,6.2.3.1,6231,PREVISÃO ADICIONAL,20520000.0,0.0,0
2024,CFC,6.2.3.1.01,623101,PREVISÃO ADICIONAL,20520000.0,0.0,0
2024,CFC,6.2.3.1.01.01,62310101,PREVISÃO ADICIONAL,20520000.0,0.0,0
2024,CFC,6.2.3.1.01.01.001,62310101001,SUPERÁVIT FINANCEIRO,20520000.0,0.0,1
2024,CFC,6.3,63,EXECUÇÃO DA DESPESA,116828000.0,101711377.85,0
2024,CFC,6.3.1,631,DESPESAS CORRENTES,110584360.0,97204891.13,0
2024,CFC,6.3.1.1,6311,PESSOAL E ENCARGOS,37040279.24,34068970.64,0
2024,CFC,6.3.1.1.01,631101,PESSOAL E ENCARGOS,37040279.24,34068970.64,0
2024,CFC,6.3.1.1.01.01,63110101,REMUNERAÇÃO PESSOAL,25495319.24,23604148.99,0
2024,CFC,6.3.1.1.01.01.001,63110101001,SALÁRIOS,15287600.0,15156574.69,1
2024,CFC,6.3.1.1.01.01.003,63110101003,GRATIFICAÇÃO POR EXERCÍCIO DE CARGOS,3330400.0,3309677.71,1
2024,CFC,6.3.1.1.01.01.004,63110101004,GRATIFICAÇÃO DE NATAL - 13º SALÁRIO,2024100.0,1676522.24,1
2024,CFC,6.3.1.1.01.01.005,63110101005,FÉRIAS  ,2160000.0,1941356.2,1
2024,CFC,6.3.1.1.01.01.006,63110101006,ABONO PECUNIÁRIO DE FÉRIAS,720000.0,421119.16,1
2024,CFC,6.3.1.1.01.01.007,63110101007,HORAS EXTRAS,44000.0,35613.81,1
2024,CFC,6.3.1.1.01.01.008,63110101008,SUBSTITUIÇÕES,152500.0,139910.44,1
2024,CFC,6.3.1.1.01.01.009,63110101009,ADICIONAL NOTURNO,50.0,0.0,1
2024,CFC,6.3.1.1.01.01.010,63110101010,INDENIZAÇÕES TRABALHISTAS,1776669.24,923374.74,1
2024,CFC,6.3.1.1.01.02,63110102,ENCARGOS PATRONAIS,7500450.0,6729037.75,0
2024,CFC,6.3.1.1.01.02.001,63110102001,INSS ENTIDADE,5411250.0,4729136.58,1
2024,CFC,6.3.1.1.01.02.002,63110102002,FGTS,1845000.0,1776606.28,1
2024,CFC,6.3.1.1.01.02.003,63110102003,PIS SOBRE FOLHA DE PAGAMENTO,244200.0,223294.89,1
2024,CFC,6.3.1.1.01.03,63110103,BENEFÍCIOS A PESSOAL,4044510.0,3735783.9,0
2024,CFC,6.3.1.1.01.03.001,63110103001,VALE TRANSPORTE,12000.0,8121.05,1
2024,CFC,6.3.1.1.01.03.002,63110103002,PROGRAMA DE ALIMENT. AO TRABALHADOR-PAT,2057000.0,1960342.72,1
2024,CFC,6.3.1.1.01.03.003,63110103003,PLANO DE SAÚDE,1940500.0,1734290.71,1
2024,CFC,6.3.1.1.01.03.004,63110103004,PLANO ODONTOLÓGICO,35010.0,33029.42,1
2024,CFC,6.3.1.2,6312,BENEFÍCIOS ASSISTENCIAIS,290000.0,184870.71,0
2024,CFC,6.3.1.2.01,631201,BENEFÍCIOS ASSISTENCIAIS,290000.0,184870.71,0
2024,CFC,6.3.1.2.01.01,63120101,BENEFÍCIOS ASSISTENCIAIS,290000.0,184870.71,0
2024,CFC,6.3.1.2.01.01.001,63120101001,AUXÍLIO EDUCAÇÃO,100000.0,57448.32,1
2024,CFC,6.3.1.2.01.01.002,63120101002,AUXÍLIO CRECHE ,190000.0,127422.39,1
2024,CFC,6.3.1.3,6313,USO DE BENS E SERVIÇOS,69058378.01,60416779.66,0
2024,CFC,6.3.1.3.01,631301,MATERIAL DE CONSUMO ,878735.0,467056.71,0
2024,CFC,6.3.1.3.01.01,63130101,MATERIAL DE CONSUMO,838585.0,438564.19,0
2024,CFC,6.3.1.3.01.01.001,63130101001,MATERIAIS DE EXPEDIENTE,82530.0,21353.33,1
2024,CFC,6.3.1.3.01.01.002,63130101002,"IMPRESSOS, FORMULÁRIOS E PAPÉIS",5000.0,200.0,1
2024,CFC,6.3.1.3.01.01.004,63130101004,CARTEIRAS DE IDENTIFICAÇÃO PROFISSIONAL,180000.0,131994.72,1
2024,CFC,6.3.1.3.01.01.005,63130101005,"BANDEIRAS, FLÂMULAS E PLACAS",10000.0,1530.0,1
2024,CFC,6.3.1.3.01.01.006,63130101006,"MATERIAL PARA AUDIO, VÍDEO E FOTO",5000.0,160.0,1
2024,CFC,6.3.1.3.01.01.007,63130101007,MATERIAL PARA DIVULGAÇÃO,100.0,0.0,1
2024,CFC,6.3.1.3.01.01.008,63130101008,MATERIAIS DE INFORMÁTICA,67000.0,22353.45,1
2024,CFC,6.3.1.3.01.01.009,63130101009,AQUISIÇÃO DE SOFTWARES DE BASE,100.0,0.0,1
2024,CFC,6.3.1.3.01.01.010,63130101010,MATERIAIS ELÉTRICOS E DE TELEFONIA,54000.0,17215.79,1
2024,CFC,6.3.1.3.01.01.011,63130101011,MATERIAIS PARA MANUT. DE BENS MÓVEIS,20000.0,893.5,1
2024,CFC,6.3.1.3.01.01.012,63130101012,MATERIAIS PARA MANUT. DE BENS IMÓVEIS,55000.0,22010.18,1
2024,CFC,6.3.1.3.01.01.013,63130101013,MATERIAL DE COPA E COZINHA,45000.0,23909.5,1
2024,CFC,6.3.1.3.01.01.014,63130101014,"UNIFORMES, TECIDOS E AVIAMENTOS",30000.0,0.0,1
2024,CFC,6.3.1.3.01.01.015,63130101015,GÊNEROS DE ALIMENTAÇÃO,148305.0,124694.96,1
2024,CFC,6.3.1.3.01.01.016,63130101016,"MAT. DE HIGIENE, LIMPEZA E CONSERVAÇÃO",5150.0,0.0,1
2024,CFC,6.3.1.3.01.01.017,63130101017,BENS MÓVEIS NÃO ATIVAVEIS,5000.0,3248.76,1
2024,CFC,6.3.1.3.01.01.018,63130101018,MATERIAIS DE DISTRIBUIÇÃO GRATUITA,24400.0,0.0,1
2024,CFC,6.3.1.3.01.01.019,63130101019,"PRÊMIOS, DIPLOMAS E MEDALHAS",101000.0,69000.0,1
2024,CFC,6.3.1.3.01.01.020,63130101020,GÁS E OUTROS MATERIAIS ENGARRAFADOS,1000.0,0.0,1
2024,CFC,6.3.1.3.01.02,63130102,DESPESAS COM VEÍCULOS ,35000.0,27262.87,0
2024,CFC,6.3.1.3.01.02.001,63130102001,COMBUSTÍVEIS E LUBRIFICANTES,25000.0,22283.87,1
2024,CFC,6.3.1.3.01.02.002,63130102002,PEÇAS E ACESSÓRIOS,10000.0,4979.0,1
2024,CFC,6.3.1.3.01.09,63130109,OUTROS MATERIAIS DE CONSUMO,5150.0,1229.65,0
2024,CFC,6.3.1.3.01.09.001,63130109001,OUTROS MATERIAIS DE CONSUMO,5150.0,1229.65,1
2024,CFC,6.3.1.3.02,631302,SERVIÇOS,68179643.01,59949722.95,0
2024,CFC,6.3.1.3.02.01,63130201,SERVIÇOS,50820609.48,43022146.45,0
2024,CFC,6.3.1.3.02.01.001,63130201001,SERVIÇO DE AUDITORIA E PERÍCIA,70300.0,5812.5,1
2024,CFC,6.3.1.3.02.01.002,63130201002,SERVIÇO DE ASSESSORIA E CONSULTORIA,582000.0,434490.54,1
2024,CFC,6.3.1.3.02.01.003,63130201003,SERVIÇOS ADVOCATÍCIOS,175900.0,151462.6,1
2024,CFC,6.3.1.3.02.01.004,63130201004,SERVIÇOS DE INSTRUTORES,50000.0,0.0,1
2024,CFC,6.3.1.3.02.01.005,63130201005,SERVIÇOS DE TECNOLOGIA DA INFORMAÇÃO,13494740.0,11745839.59,1
2024,CFC,6.3.1.3.02.01.007,63130201007,SERVIÇOS DE COPA E COZINHA ,150000.0,100067.68,1
2024,CFC,6.3.1.3.02.01.008,63130201008,"SERV.DE LIMPEZA, CONSERV. E JARDINAGEM",649000.0,587887.08,1
2024,CFC,6.3.1.3.02.01.009,63130201009,SERV. DE SEGURANÇA PREDIAL E PREVENTIVA,1865300.0,1717218.37,1
2024,CFC,6.3.1.3.02.01.010,63130201010,SERVIÇOS DE MEDICINA DO TRABALHO,250000.0,19198.0,1
2024,CFC,6.3.1.3.02.01.011,63130201011,"SELEÇÃO, TREINAMENTO E ORG/APLICAÇÃO DE EXAMES",11559120.0,10455082.65,1
2024,CFC,6.3.1.3.02.01.012,63130201012,SERVIÇOS DE INTERMEDIAÇÃO DE ESTAGIOS/APRENDIZES,47000.0,40263.4,1
2024,CFC,6.3.1.3.02.01.013,63130201013,ESTAGIOS,1485000.0,1263807.91,1
2024,CFC,6.3.1.3.02.01.016,63130201016,SERVIÇOS DE TRADUÇÃO,295911.0,289999.37,1
2024,CFC,6.3.1.3.02.01.017,63130201017,SERVIÇOS FOTOGRÁFICOS E VÍDEOS,351000.0,137885.98,1
2024,CFC,6.3.1.3.02.01.018,63130201018,SERVIÇO DE DIVULGAÇÃO INSTITUCIONAL,4072650.0,3465768.99,1
2024,CFC,6.3.1.3.02.01.020,63130201020,SERVIÇOS DE REPRESENTAÇÕES,3155130.0,3085993.13,1
2024,CFC,6.3.1.3.02.01.021,63130201021,SERVIÇOS DE APOIO ADMINISTRATIVO E OPERACIONAL,283575.76,250612.57,1
2024,CFC,6.3.1.3.02.01.022,63130201022,DEMAIS SERVIÇOS PROFISSIONAIS,150500.0,54061.0,1
2024,CFC,6.3.1.3.02.01.023,63130201023,SEGUROS DE BENS MÓVEIS,155000.0,3689.81,1
2024,CFC,6.3.1.3.02.01.024,63130201024,SEGUROS DE BENS IMÓVEIS,5500.0,3207.71,1
2024,CFC,6.3.1.3.02.01.026,63130201026,"LOC. DE BENS MÓVEIS, MÁQUINAS E EQUIP.",2133180.0,2044529.33,1
2024,CFC,6.3.1.3.02.01.027,63130201027,LOCAÇÃO DE BENS IMÓVEIS,1107000.0,1102148.74,1
2024,CFC,6.3.1.3.02.01.028,63130201028,CONDOMÍNIOS,5000.0,4088.08,1
2024,CFC,6.3.1.3.02.01.029,63130201029,MANUTENÇÃO E CONSERVAÇÃO BENS MÓVEIS ,43500.0,32632.55,1
2024,CFC,6.3.1.3.02.01.030,63130201030,MANUTENÇÃO E CONSERV. DOS BENS IMÓVEIS,384680.0,249527.35,1
2024,CFC,6.3.1.3.02.01.031,63130201031,MANUTENÇÃO E CONSERVAÇÃO DE VEÍCULOS,20000.0,3245.4,1
2024,CFC,6.3.1.3.02.01.032,63130201032,SERVIÇOS DE ENERGIA ELÉTRICA,766000.0,682355.45,1
2024,CFC,6.3.1.3.02.01.033,63130201033,SERVIÇOS DE ÁGUA E ESGOTO,148000.0,136432.9,1
2024,CFC,6.3.1.3.02.01.035,63130201035,POST.DE CORRESPONDÊNCIA INSTITUCIONAL,180000.0,80185.94,1
2024,CFC,6.3.1.3.02.01.036,63130201036,SERVIÇOS DE TELECOMUNICAÇÕES,52000.0,32358.25,1
2024,CFC,6.3.1.3.02.01.037,63130201037,SERVIÇOS DE INTERNET,362180.0,235066.23,1
2024,CFC,6.3.1.3.02.01.039,63130201039,ASSINATURAS,139000.0,45941.75,1
2024,CFC,6.3.1.3.02.01.040,63130201040,PUBLICAÇÕES TÉCNICAS,685000.0,403069.6,1
2024,CFC,6.3.1.3.02.01.044,63130201044,IMPRESSOS GRÁFICOS,28800.0,0.0,1
2024,CFC,6.3.1.3.02.01.045,63130201045,CÓPIAS E MICROFILMAGEM DE DOCUMENTOS,49980.0,29009.05,1
2024,CFC,6.3.1.3.02.01.046,63130201046,ENCADERNAÇÃO DE DOCUMENTOS,4000.0,0.0,1
2024,CFC,6.3.1.3.02.01.047,63130201047,INSCRIÇÕES,1201640.0,993796.89,1
2024,CFC,6.3.1.3.02.01.048,63130201048,SERVIÇOS DECORRENTES DE CONTRATOS DE TERCEIRIZAÇÃO,4663022.72,3135410.06,1
2024,CFC,6.3.1.3.02.03,63130203,DIÁRIAS,9246633.53,9070254.07,0
2024,CFC,6.3.1.3.02.03.001,63130203001,FUNCIONÁRIOS - DIÁRIAS,1178208.53,1161443.72,1
2024,CFC,6.3.1.3.02.03.002,63130203002,CONSELHEIROS - DIÁRIAS,4292100.0,4203217.49,1
2024,CFC,6.3.1.3.02.03.003,63130203003,COLABORADORES - DIÁRIAS,3776325.0,3705592.86,1
2024,CFC,6.3.1.3.02.04,63130204,PASSAGENS,7800400.0,7575037.52,0
2024,CFC,6.3.1.3.02.04.001,63130204001,FUNCIONÁRIOS - PASSAGENS,1054200.0,970481.97,1
2024,CFC,6.3.1.3.02.04.002,63130204002,CONSELHEIROS - PASSAGENS,3310400.0,3241886.27,1
2024,CFC,6.3.1.3.02.04.003,63130204003,COLABORADORES - PASSAGENS,3435800.0,3362669.28,1
2024,CFC,6.3.1.3.02.06,63130206,DESPESA COM LOCOMOÇÃO,312000.0,282284.91,0
2024,CFC,6.3.1.3.02.06.001,63130206001,AUXÍLIO DESLOCAMENTO,299500.0,281922.03,1
2024,CFC,6.3.1.3.02.06.002,63130206002,DESPESA COM EXCESSO DE BAGAGEM,2000.0,70.0,1
2024,CFC,6.3.1.3.02.06.003,63130206003,PEDÁGIOS,500.0,292.88,1
2024,CFC,6.3.1.3.02.06.005,63130206005,FRETES E TRANSPORTES DE ENCOMENDAS,10000.0,0.0,1
2024,CFC,6.3.1.4,6314,FINANCEIRAS,392000.0,239002.75,0
2024,CFC,6.3.1.4.01,631401,FINANCEIRAS,392000.0,239002.75,0
2024,CFC,6.3.1.4.01.02,63140102,SERVIÇOS BANCÁRIOS,392000.0,239002.75,0
2024,CFC,6.3.1.4.01.02.001,63140102001,TAXA SOBRE SERVIÇOS BANCÁRIOS,42000.0,36936.87,1
2024,CFC,6.3.1.4.01.02.002,63140102002,DESPESAS COM COBRANÇA,350000.0,202065.88,1
2024,CFC,6.3.1.5,6315,TRANSFERÊNCIAS CORRENTES,2047000.0,758841.61,0
2024,CFC,6.3.1.5.01,631501,TRANSFERÊNCIAS CORRENTES,2047000.0,758841.61,0
2024,CFC,6.3.1.5.01.01,63150101,SUBVENÇÕES,2047000.0,758841.61,0
2024,CFC,6.3.1.5.01.01.001,63150101001,SUBVENÇÕES,2047000.0,758841.61,1
2024,CFC,6.3.1.6,6316,TRIBUTÁRIAS E CONTRIBUTIVAS,706613.75,631753.05,0
2024,CFC,6.3.1.6.01,631601,TRIBUTÁRIAS E CONTRIBUTIVAS,706613.75,631753.05,0
2024,CFC,6.3.1.6.01.01,63160101,TRIBUTOS,706613.75,631753.05,0
2024,CFC,6.3.1.6.01.01.001,63160101001,INSS SOBRE SERVIÇOS PRESTADOS,100.0,0.0,1
2024,CFC,6.3.1.6.01.01.002,63160101002,IMPOSTOS E TAXAS,646513.75,628028.18,1
2024,CFC,6.3.1.6.01.01.003,63160101003,DESPESAS JUDICIAIS,60000.0,3724.87,1
2024,CFC,6.3.1.9,6319,OUTRAS DESPESAS CORRENTES,1050089.0,904672.71,0
2024,CFC,6.3.1.9.01,631901,OUTRAS DESPESAS CORRENTES,1050089.0,904672.71,0
2024,CFC,6.3.1.9.01.01,63190101,DEMAIS DESPESAS CORRENTES,1050089.0,904672.71,0
2024,CFC,6.3.1.9.01.01.001,63190101001,SENTENÇAS JUDICIAIS,60000.0,0.0,1
2024,CFC,6.3.1.9.01.01.002,63190101002,"INDENIZAÇÕES, RESTITUIÇÕES E REPOSIÇÕES",177000.0,120673.65,1
2024,CFC,6.3.1.9.01.01.003,63190101003,DESPESAS DE EXERCÍCIOS ANTERIORES,233089.0,230550.84,1
2024,CFC,6.3.1.9.01.01.006,63190101006,REEMBOLSO DE DESPESA COM COBRANÇA,580000.0,553448.22,1
2024,CFC,6.3.2,632,DESPESAS DE CAPITAL,6243640.0,4506486.72,0
2024,CFC,6.3.2.1,6321,INVESTIMENTOS,4124040.0,2390386.72,0
2024,CFC,6.3.2.1.01,632101,"OBRAS, INSTALAÇÕES E REFORMAS",1630200.0,1567811.79,0
2024,CFC,6.3.2.1.01.01,63210101,"OBRAS, INSTALAÇÕES E REFORMAS",1630200.0,1567811.79,0
2024,CFC,6.3.2.1.01.01.001,63210101001,OBRAS E INSTALAÇÕES,100.0,0.0,1
2024,CFC,6.3.2.1.01.01.002,63210101002,REFORMAS,1630000.0,1567811.79,1
2024,CFC,6.3.2.1.01.01.004,63210101004,ESTUDOS E PROJETOS,100.0,0.0,1
2024,CFC,6.3.2.1.03,632103,EQUIPAMENTOS E MATERIAIS PERMANENTES,1722700.0,291352.63,0
2024,CFC,6.3.2.1.03.01,63210301,EQUIPAMENTOS E MATERIAIS PERMANENTES,1722700.0,291352.63,0
2024,CFC,6.3.2.1.03.01.001,63210301001,MÓVEIS E UTENSÍLIOS DE ESCRITÓRIOS,355000.0,0.0,1
2024,CFC,6.3.2.1.03.01.002,63210301002,MÁQUINAS E EQUIPAMENTOS,367000.0,14804.74,1
2024,CFC,6.3.2.1.03.01.003,63210301003,INSTALAÇÕES,157000.0,0.0,1
2024,CFC,6.3.2.1.03.01.004,63210301004,UTENSÍLIOS DE COPA E COZINHA,15000.0,0.0,1
2024,CFC,6.3.2.1.03.01.006,63210301006,EQUIPAMENTOS DE PROCESSAMENTO DE DADOS,782600.0,273598.99,1
2024,CFC,6.3.2.1.03.01.007,63210301007,SISTEMAS DE PROC. DE DADOS-SOFTWARES,100.0,0.0,1
2024,CFC,6.3.2.1.03.01.008,63210301008,BIBLIOTECA,46000.0,2948.9,1
2024,CFC,6.3.2.1.04,632104,AQUISIÇÃO DE IMÓVEIS,1000.0,0.0,0
2024,CFC,6.3.2.1.04.01,63210401,AQUISIÇÃO DE IMÓVEIS,1000.0,0.0,0
2024,CFC,6.3.2.1.04.01.003,63210401003,TERRENOS,1000.0,0.0,1
2024,CFC,6.3.2.1.05,632105,INTANGÍVEL,770140.0,531222.3,0
2024,CFC,6.3.2.1.05.01,63210501,INTANGÍVEL,770140.0,531222.3,0
2024,CFC,6.3.2.1.05.01.002,63210501002,SOFTWARES,770140.0,531222.3,1
2024,CFC,6.3.2.4,6324,TRANSFERÊNCIAS DE CAPITAL,2119600.0,2116100.0,0
2024,CFC,6.3.2.4.01,632401,TRANSFERÊNCIAS DE CAPITAL,2119600.0,2116100.0,0
2024,CFC,6.3.2.4.01.01,63240101,TRANSFERÊNCIAS DE CAPITAL,2119600.0,2116100.0,0
2024,CFC,6.3.2.4.01.01.001,63240101001,AUXÍLIOS,2119600.0,2116100.0,1
2025,CFC,6.2,62,EXECUÇÃO DA RECEITA,125767479.0,106588682.31,0
2025,CFC,6.2.1,621,RECEITAS CORRENTES,95979747.0,104896801.46,0
2025,CFC,6.2.1.1,6211,CONTRIBUIÇÕES,66149576.0,72767684.4,0
2025,CFC,6.2.1.1.02,621102,COTA PARTE,66149576.0,68443322.38,0
2025,CFC,6.2.1.1.02.01,62110201,COTA PARTE,66149576.0,68443322.38,0
2025,CFC,6.2.1.1.02.01.001,62110201001,CRC-AC,177960.0,192348.29,1
2025,CFC,6.2.1.1.02.01.002,62110201002,CRC-AL,604580.0,528461.33,1
2025,CFC,6.2.1.1.02.01.003,62110201003,CRC-AM,927580.0,1092700.49,1
2025,CFC,6.2.1.1.02.01.004,62110201004,CRC-AP,154780.0,205905.91,1
2025,CFC,6.2.1.1.02.01.005,62110201005,CRC-BA,2085700.0,2512424.29,1
2025,CFC,6.2.1.1.02.01.006,62110201006,CRC-CE,1610360.0,1600311.96,1
2025,CFC,6.2.1.1.02.01.007,62110201007,CRC-DF,1888850.0,1978481.62,1
2025,CFC,6.2.1.1.02.01.008,62110201008,CRC-ES,1448960.0,1455804.9,1
2025,CFC,6.2.1.1.02.01.009,62110201009,CRC-GO,2075100.0,1983385.95,1
2025,CFC,6.2.1.1.02.01.010,62110201010,CRC-MA,852540.0,877995.41,1
2025,CFC,6.2.1.1.02.01.011,62110201011,CRC-MG,7281750.0,7277838.93,1
2025,CFC,6.2.1.1.02.01.012,62110201012,CRC-MS,966790.0,941171.54,1
2025,CFC,6.2.1.1.02.01.013,62110201013,CRC-MT,1508950.0,1468485.35,1
2025,CFC,6.2.1.1.02.01.014,62110201014,CRC-PA,1252420.0,1448387.42,1
2025,CFC,6.2.1.1.02.01.015,62110201015,CRC-PB,780370.0,856108.31,1
2025,CFC,6.2.1.1.02.01.016,62110201016,CRC-PE,1751160.0,1763251.01,1
2025,CFC,6.2.1.1.02.01.017,62110201017,CRC-PI,585420.0,760089.96,1
2025,CFC,6.2.1.1.02.01.018,62110201018,CRC-PR,4458530.0,4663953.25,1
2025,CFC,6.2.1.1.02.01.019,62110201019,CRC-RJ,6194580.0,6037109.89,1
2025,CFC,6.2.1.1.02.01.020,62110201020,CRC-RN,902750.0,881018.88,1
2025,CFC,6.2.1.1.02.01.021,62110201021,CRC-RO,547400.0,611514.48,1
2025,CFC,6.2.1.1.02.01.022,62110201022,CRC-RR,152620.0,188739.77,1
2025,CFC,6.2.1.1.02.01.023,62110201023,CRC-RS,3893530.0,4174437.59,1
2025,CFC,6.2.1.1.02.01.024,62110201024,CRC-SC,2999180.0,2981256.12,1
2025,CFC,6.2.1.1.02.01.025,62110201025,CRC-SE,501260.0,506236.22,1
2025,CFC,6.2.1.1.02.01.026,62110201026,CRC-SP,20014996.0,20873028.1,1
2025,CFC,6.2.1.1.02.01.027,62110201027,CRC-TO,531460.0,582875.41,1
2025,CFC,6.2.1.1.03,621103,FUNDO DE INTEGRAÇÃO E DESENVOLVIMENTO,0.0,4324362.02,0
2025,CFC,6.2.1.1.03.01,62110301,FUNDO DE INTEGRAÇÃO E DESENVOLVIMENTO,0.0,4324362.02,0
2025,CFC,6.2.1.1.03.01.001,62110301001,FUNDO PARA INVESTIMENTO,0.0,4324362.02,1
2025,CFC,6.2.1.2,6212,EXPLORAÇÃO DE BENS E SERVIÇOS,12892000.0,12281920.87,0
2025,CFC,6.2.1.2.02,621202,EXPLORAÇÃO DE SERVIÇOS,12892000.0,12281920.87,0
2025,CFC,6.2.1.2.02.02,62120202,EMOLUMENTOS COM EXPEDIÇÕES DE CARTEIRAS,900000.0,789274.0,0
2025,CFC,6.2.1.2.02.02.001,62120202001,PROFISSIONAIS,900000.0,789274.0,1
2025,CFC,6.2.1.2.02.05,62120205,RECEITAS DE EXAME DE SUFICIÊNCIA,10000000.0,10000680.02,0
2025,CFC,6.2.1.2.02.05.001,62120205001,EXAME DE SUFICIÊNCIA,10000000.0,10000680.02,1
2025,CFC,6.2.1.2.02.06,62120206,RECEITAS DE EXAME DE QUALIF. TÉC. (CNAI),1952000.0,1473940.01,0
2025,CFC,6.2.1.2.02.06.001,62120206001,EXAME DE QUALIFICAÇÃO TÉCNICA (CNAI),1952000.0,1473940.01,1
2025,CFC,6.2.1.2.02.09,62120209,RECEITAS DIVERSAS,40000.0,18026.84,0
2025,CFC,6.2.1.2.02.09.013,62120209013,RECUPERAÇÃO DE OUTRAS DESPESAS OPERAC.,40000.0,18026.84,1
2025,CFC,6.2.1.3,6213,FINANCEIRAS,16938171.0,19790021.25,0
2025,CFC,6.2.1.3.01,621301,JUROS E ENCARGOS S/EMPRÉSTIMOS CONCED.,877639.0,749922.3,0
2025,CFC,6.2.1.3.01.01,62130101,JUROS E ENCARGOS S/EMPRÉSTIMOS CONCED.,877639.0,749922.3,0
2025,CFC,6.2.1.3.01.01.001,62130101001,JUROS SOBRE EMPRÉSTIMOS,877639.0,749922.3,1
2025,CFC,6.2.1.3.05,621305,REMUN. DE DEP. BANC. E APLIC. FINANC.,16060532.0,19040098.95,0
2025,CFC,6.2.1.3.05.01,62130501,RENDIMENTOS DE APLICAÇÃO ,16060532.0,19040098.95,0
2025,CFC,6.2.1.3.05.01.004,62130501004,FUNDOS DE INVESTIMENTOS,16060532.0,19040098.95,1
2025,CFC,6.2.1.9,6219,OUTRAS RECEITAS CORRENTES,0.0,57174.94,0
2025,CFC,6.2.1.9.02,621902,INDENIZAÇÕES E RESTITUIÇÕES,0.0,57174.94,0
2025,CFC,6.2.1.9.02.01,62190201,INDENIZAÇÕES E RESTITUIÇÕES,0.0,57174.94,0
2025,CFC,6.2.1.9.02.01.002,62190201002,RESTITUIÇÕES,0.0,57174.94,1
2025,CFC,6.2.2,622,RECEITAS DE CAPITAL,2072732.0,1691880.85,0
2025,CFC,6.2.2.4,6224,AMORTIZAÇÃO DE EMPRÉSTIMOS CONCEDIDOS,2072732.0,1691880.85,0
2025,CFC,6.2.2.4.01,622401,AMORTIZAÇÃO DE EMPRÉSTIMOS CONCEDIDOS,2072732.0,1691880.85,0
2025,CFC,6.2.2.4.01.02,62240102,"EMPREST.P/AQUIS., CONSTR. E REFORMA DE SEDE",2072732.0,1691880.85,0
2025,CFC,6.2.2.4.01.02.005,62240102005,CRC - BA,608800.0,608800.0,1
2025,CFC,6.2.2.4.01.02.010,62240102010,CRC - MA,90565.0,96095.03,1
2025,CFC,6.2.2.4.01.02.016,62240102016,CRC -PE,700316.0,313934.52,1
2025,CFC,6.2.2.4.01.02.021,62240102021,CRC - RO,68051.0,68051.3,1
2025,CFC,6.2.2.4.01.02.023,62240102023,CRC - RS,605000.0,605000.0,1
2025,CFC,6.2.3,623,PREVISÃO ADICIONAL,27715000.0,0.0,0
2025,CFC,6.2.3.1,6231,PREVISÃO ADICIONAL,27715000.0,0.0,0
2025,CFC,6.2.3.1.01,623101,PREVISÃO ADICIONAL,27715000.0,0.0,0
2025,CFC,6.2.3.1.01.01,62310101,PREVISÃO ADICIONAL,27715000.0,0.0,0
2025,CFC,6.2.3.1.01.01.001,62310101001,SUPERÁVIT FINANCEIRO,27715000.0,0.0,1
2025,CFC,6.3,63,EXECUÇÃO DA DESPESA,125767479.0,113060130.64,0
2025,CFC,6.3.1,631,DESPESAS CORRENTES,118868578.25,109060541.93,0
2025,CFC,6.3.1.1,6311,PESSOAL E ENCARGOS,36977831.79,36204574.34,0
2025,CFC,6.3.1.1.01,631101,PESSOAL E ENCARGOS,36977831.79,36204574.34,0
2025,CFC,6.3.1.1.01.01,63110101,REMUNERAÇÃO PESSOAL,25124819.52,24697778.76,0
2025,CFC,6.3.1.1.01.01.001,63110101001,SALÁRIOS,16260684.19,15971092.98,1
2025,CFC,6.3.1.1.01.01.003,63110101003,GRATIFICAÇÃO POR EXERCÍCIO DE CARGOS,3922170.24,3909571.84,1
2025,CFC,6.3.1.1.01.01.004,63110101004,GRATIFICAÇÃO DE NATAL - 13º SALÁRIO,1855239.08,1834955.35,1
2025,CFC,6.3.1.1.01.01.005,63110101005,FÉRIAS  ,2252524.04,2242113.79,1
2025,CFC,6.3.1.1.01.01.006,63110101006,ABONO PECUNIÁRIO DE FÉRIAS,508628.83,482792.2,1
2025,CFC,6.3.1.1.01.01.007,63110101007,HORAS EXTRAS,50179.97,42861.9,1
2025,CFC,6.3.1.1.01.01.008,63110101008,SUBSTITUIÇÕES,175343.17,145449.28,1
2025,CFC,6.3.1.1.01.01.009,63110101009,ADICIONAL NOTURNO,50.0,0.0,1
2025,CFC,6.3.1.1.01.01.010,63110101010,INDENIZAÇÕES TRABALHISTAS,100000.0,68941.42,1
2025,CFC,6.3.1.1.01.02,63110102,ENCARGOS PATRONAIS,7696242.92,7434017.87,0
2025,CFC,6.3.1.1.01.02.001,63110102001,INSS ENTIDADE,5261686.15,5167685.48,1
2025,CFC,6.3.1.1.01.02.002,63110102002,FGTS,2184556.77,2025630.32,1
2025,CFC,6.3.1.1.01.02.003,63110102003,PIS SOBRE FOLHA DE PAGAMENTO,250000.0,240702.07,1
2025,CFC,6.3.1.1.01.03,63110103,BENEFÍCIOS A PESSOAL,4156769.35,4072777.71,0
2025,CFC,6.3.1.1.01.03.001,63110103001,VALE TRANSPORTE,9000.0,3606.44,1
2025,CFC,6.3.1.1.01.03.002,63110103002,PROGRAMA DE ALIMENT. AO TRABALHADOR-PAT,2189870.64,2170235.36,1
2025,CFC,6.3.1.1.01.03.003,63110103003,PLANO DE SAÚDE,1921398.71,1879986.37,1
2025,CFC,6.3.1.1.01.03.004,63110103004,PLANO ODONTOLÓGICO,36500.0,18949.54,1
2025,CFC,6.3.1.2,6312,BENEFÍCIOS ASSISTENCIAIS,200720.37,181209.59,0
2025,CFC,6.3.1.2.01,631201,BENEFÍCIOS ASSISTENCIAIS,200720.37,181209.59,0
2025,CFC,6.3.1.2.01.01,63120101,BENEFÍCIOS ASSISTENCIAIS,200720.37,181209.59,0
2025,CFC,6.3.1.2.01.01.001,63120101001,AUXÍLIO EDUCAÇÃO,68720.37,59422.72,1
2025,CFC,6.3.1.2.01.01.002,63120101002,AUXÍLIO CRECHE ,132000.0,121786.87,1
2025,CFC,6.3.1.3,6313,USO DE BENS E SERVIÇOS,74234468.81,66461321.38,0
2025,CFC,6.3.1.3.01,631301,MATERIAL DE CONSUMO ,1067542.05,362108.91,0
2025,CFC,6.3.1.3.01.01,63130101,MATERIAL DE CONSUMO,1014642.05,326020.41,0
2025,CFC,6.3.1.3.01.01.001,63130101001,MATERIAIS DE EXPEDIENTE,42500.0,23492.49,1
2025,CFC,6.3.1.3.01.01.002,63130101002,"IMPRESSOS, FORMULÁRIOS E PAPÉIS",1500.0,1082.06,1
2025,CFC,6.3.1.3.01.01.004,63130101004,CARTEIRAS DE IDENTIFICAÇÃO PROFISSIONAL,243336.56,165828.08,1
2025,CFC,6.3.1.3.01.01.005,63130101005,"BANDEIRAS, FLÂMULAS E PLACAS",7850.0,0.0,1
2025,CFC,6.3.1.3.01.01.006,63130101006,"MATERIAL PARA AUDIO, VÍDEO E FOTO",350.0,0.0,1
2025,CFC,6.3.1.3.01.01.008,63130101008,MATERIAIS DE INFORMÁTICA,30962.79,29182.25,1
2025,CFC,6.3.1.3.01.01.010,63130101010,MATERIAIS ELÉTRICOS E DE TELEFONIA,38000.0,14598.19,1
2025,CFC,6.3.1.3.01.01.011,63130101011,MATERIAIS PARA MANUT. DE BENS MÓVEIS,1000.0,961.3,1
2025,CFC,6.3.1.3.01.01.012,63130101012,MATERIAIS PARA MANUT. DE BENS IMÓVEIS,61000.0,33236.71,1
2025,CFC,6.3.1.3.01.01.013,63130101013,MATERIAL DE COPA E COZINHA,20350.0,6126.27,1
2025,CFC,6.3.1.3.01.01.014,63130101014,"UNIFORMES, TECIDOS E AVIAMENTOS",30000.0,28865.16,1
2025,CFC,6.3.1.3.01.01.015,63130101015,GÊNEROS DE ALIMENTAÇÃO,54800.0,16725.77,1
2025,CFC,6.3.1.3.01.01.016,63130101016,"MAT. DE HIGIENE, LIMPEZA E CONSERVAÇÃO",2500.0,510.45,1
2025,CFC,6.3.1.3.01.01.017,63130101017,BENS MÓVEIS NÃO ATIVAVEIS,21500.0,5411.68,1
2025,CFC,6.3.1.3.01.01.018,63130101018,MATERIAIS DE DISTRIBUIÇÃO GRATUITA,458992.7,0.0,1
2025,CFC,6.3.1.3.01.02,63130102,DESPESAS COM VEÍCULOS ,50100.0,34280.73,0
2025,CFC,6.3.1.3.01.02.001,63130102001,COMBUSTÍVEIS E LUBRIFICANTES,30100.0,25171.73,1
2025,CFC,6.3.1.3.01.02.002,63130102002,PEÇAS E ACESSÓRIOS,20000.0,9109.0,1
2025,CFC,6.3.1.3.01.09,63130109,OUTROS MATERIAIS DE CONSUMO,2800.0,1807.77,0
2025,CFC,6.3.1.3.01.09.001,63130109001,OUTROS MATERIAIS DE CONSUMO,2800.0,1807.77,1
2025,CFC,6.3.1.3.02,631302,SERVIÇOS,73166926.76,66099212.47,0
2025,CFC,6.3.1.3.02.01,63130201,SERVIÇOS,54459558.04,49285251.76,0
2025,CFC,6.3.1.3.02.01.001,63130201001,SERVIÇO DE AUDITORIA E PERÍCIA,108582.0,24500.0,1
2025,CFC,6.3.1.3.02.01.002,63130201002,SERVIÇO DE ASSESSORIA E CONSULTORIA,1252182.56,1025004.58,1
2025,CFC,6.3.1.3.02.01.003,63130201003,SERVIÇOS ADVOCATÍCIOS,250000.0,186887.42,1
2025,CFC,6.3.1.3.02.01.004,63130201004,SERVIÇOS DE INSTRUTORES,250000.0,208000.0,1
2025,CFC,6.3.1.3.02.01.005,63130201005,SERVIÇOS DE TECNOLOGIA DA INFORMAÇÃO,18448361.89,16515901.54,1
2025,CFC,6.3.1.3.02.01.007,63130201007,SERVIÇOS DE COPA E COZINHA ,270000.0,98970.72,1
2025,CFC,6.3.1.3.02.01.008,63130201008,"SERV.DE LIMPEZA, CONSERV. E JARDINAGEM",670450.0,646940.33,1
2025,CFC,6.3.1.3.02.01.009,63130201009,SERV. DE SEGURANÇA PREDIAL E PREVENTIVA,1691000.0,1647098.52,1
2025,CFC,6.3.1.3.02.01.010,63130201010,SERVIÇOS DE MEDICINA DO TRABALHO,165000.0,123528.4,1
2025,CFC,6.3.1.3.02.01.011,63130201011,"SELEÇÃO, TREINAMENTO E ORG/APLICAÇÃO DE EXAMES",10026177.0,9762891.59,1
2025,CFC,6.3.1.3.02.01.012,63130201012,SERVIÇOS DE INTERMEDIAÇÃO DE ESTAGIOS/APRENDIZES,30123.89,25308.0,1
2025,CFC,6.3.1.3.02.01.013,63130201013,ESTAGIOS,935600.01,869698.42,1
2025,CFC,6.3.1.3.02.01.016,63130201016,SERVIÇOS DE TRADUÇÃO,412000.0,297715.5,1
2025,CFC,6.3.1.3.02.01.017,63130201017,SERVIÇOS FOTOGRÁFICOS E VÍDEOS,205081.96,51732.0,1
2025,CFC,6.3.1.3.02.01.018,63130201018,SERVIÇO DE DIVULGAÇÃO INSTITUCIONAL,2730000.0,2689847.13,1
2025,CFC,6.3.1.3.02.01.020,63130201020,SERVIÇOS DE REPRESENTAÇÕES,3458761.0,3408713.3,1
2025,CFC,6.3.1.3.02.01.021,63130201021,SERVIÇOS DE APOIO ADMINISTRATIVO E OPERACIONAL,290000.0,274901.12,1
2025,CFC,6.3.1.3.02.01.022,63130201022,DEMAIS SERVIÇOS PROFISSIONAIS,372900.0,195824.02,1
2025,CFC,6.3.1.3.02.01.023,63130201023,SEGUROS DE BENS MÓVEIS,5000.0,3886.09,1
2025,CFC,6.3.1.3.02.01.024,63130201024,SEGUROS DE BENS IMÓVEIS,5000.0,3193.8,1
2025,CFC,6.3.1.3.02.01.025,63130201025,SEGUROS DE VIAGENS,10000.0,0.0,1
2025,CFC,6.3.1.3.02.01.026,63130201026,"LOC. DE BENS MÓVEIS, MÁQUINAS E EQUIP.",4106700.0,3928072.93,1
2025,CFC,6.3.1.3.02.01.027,63130201027,LOCAÇÃO DE BENS IMÓVEIS,448418.0,301551.12,1
2025,CFC,6.3.1.3.02.01.028,63130201028,CONDOMÍNIOS,6500.0,4459.43,1
2025,CFC,6.3.1.3.02.01.029,63130201029,MANUTENÇÃO E CONSERVAÇÃO BENS MÓVEIS ,171000.0,55095.01,1
2025,CFC,6.3.1.3.02.01.030,63130201030,MANUTENÇÃO E CONSERV. DOS BENS IMÓVEIS,428000.0,392824.9,1
2025,CFC,6.3.1.3.02.01.031,63130201031,MANUTENÇÃO E CONSERVAÇÃO DE VEÍCULOS,19500.0,4517.65,1
2025,CFC,6.3.1.3.02.01.032,63130201032,SERVIÇOS DE ENERGIA ELÉTRICA,807200.0,604372.34,1
2025,CFC,6.3.1.3.02.01.033,63130201033,SERVIÇOS DE ÁGUA E ESGOTO,183000.0,159177.19,1
2025,CFC,6.3.1.3.02.01.035,63130201035,POST.DE CORRESPONDÊNCIA INSTITUCIONAL,125000.0,48202.03,1
2025,CFC,6.3.1.3.02.01.036,63130201036,SERVIÇOS DE TELECOMUNICAÇÕES,46000.0,23664.46,1
2025,CFC,6.3.1.3.02.01.037,63130201037,SERVIÇOS DE INTERNET,98412.61,40947.17,1
2025,CFC,6.3.1.3.02.01.039,63130201039,ASSINATURAS,59450.0,53922.27,1
2025,CFC,6.3.1.3.02.01.040,63130201040,PUBLICAÇÕES TÉCNICAS,1201650.0,828256.6,1
2025,CFC,6.3.1.3.02.01.044,63130201044,IMPRESSOS GRÁFICOS,9000.0,2700.0,1
2025,CFC,6.3.1.3.02.01.045,63130201045,CÓPIAS E MICROFILMAGEM DE DOCUMENTOS,20988.0,16210.52,1
2025,CFC,6.3.1.3.02.01.047,63130201047,INSCRIÇÕES,166840.0,69350.42,1
2025,CFC,6.3.1.3.02.01.048,63130201048,SERVIÇOS DECORRENTES DE CONTRATOS DE TERCEIRIZAÇÃO,4975679.12,4691385.24,1
2025,CFC,6.3.1.3.02.03,63130203,DIÁRIAS,10293950.85,9738076.16,0
2025,CFC,6.3.1.3.02.03.001,63130203001,FUNCIONÁRIOS - DIÁRIAS,1446425.17,1364544.2,1
2025,CFC,6.3.1.3.02.03.002,63130203002,CONSELHEIROS - DIÁRIAS,5384250.68,5292977.01,1
2025,CFC,6.3.1.3.02.03.003,63130203003,COLABORADORES - DIÁRIAS,3463275.0,3080554.95,1
2025,CFC,6.3.1.3.02.04,63130204,PASSAGENS,8007257.87,6702345.12,0
2025,CFC,6.3.1.3.02.04.001,63130204001,FUNCIONÁRIOS - PASSAGENS,1150475.91,864662.28,1
2025,CFC,6.3.1.3.02.04.002,63130204002,CONSELHEIROS - PASSAGENS,3689857.07,3191255.76,1
2025,CFC,6.3.1.3.02.04.003,63130204003,COLABORADORES - PASSAGENS,3166924.89,2646427.08,1
2025,CFC,6.3.1.3.02.06,63130206,DESPESA COM LOCOMOÇÃO,406160.0,373539.43,0
2025,CFC,6.3.1.3.02.06.001,63130206001,AUXÍLIO DESLOCAMENTO,406160.0,373539.43,1
2025,CFC,6.3.1.4,6314,FINANCEIRAS,294500.0,221430.26,0
2025,CFC,6.3.1.4.01,631401,FINANCEIRAS,294500.0,221430.26,0
2025,CFC,6.3.1.4.01.02,63140102,SERVIÇOS BANCÁRIOS,294500.0,221430.26,0
2025,CFC,6.3.1.4.01.02.001,63140102001,TAXA SOBRE SERVIÇOS BANCÁRIOS,44500.0,26007.04,1
2025,CFC,6.3.1.4.01.02.002,63140102002,DESPESAS COM COBRANÇA,250000.0,195423.22,1
2025,CFC,6.3.1.5,6315,TRANSFERÊNCIAS CORRENTES,6053000.0,5141737.03,0
2025,CFC,6.3.1.5.01,631501,TRANSFERÊNCIAS CORRENTES,6053000.0,5141737.03,0
2025,CFC,6.3.1.5.01.01,63150101,SUBVENÇÕES,6053000.0,5141737.03,0
2025,CFC,6.3.1.5.01.01.001,63150101001,SUBVENÇÕES,6053000.0,5141737.03,1
2025,CFC,6.3.1.6,6316,TRIBUTÁRIAS E CONTRIBUTIVAS,193046.0,129225.53,0
2025,CFC,6.3.1.6.01,631601,TRIBUTÁRIAS E CONTRIBUTIVAS,193046.0,129225.53,0
2025,CFC,6.3.1.6.01.01,63160101,TRIBUTOS,193046.0,129225.53,0
2025,CFC,6.3.1.6.01.01.002,63160101002,IMPOSTOS E TAXAS,183046.0,126523.07,1
2025,CFC,6.3.1.6.01.01.003,63160101003,DESPESAS JUDICIAIS,10000.0,2702.46,1
2025,CFC,6.3.1.9,6319,OUTRAS DESPESAS CORRENTES,915011.28,721043.8,0
2025,CFC,6.3.1.9.01,631901,OUTRAS DESPESAS CORRENTES,915011.28,721043.8,0
2025,CFC,6.3.1.9.01.01,63190101,DEMAIS DESPESAS CORRENTES,915011.28,721043.8,0
2025,CFC,6.3.1.9.01.01.001,63190101001,SENTENÇAS JUDICIAIS,100000.0,0.0,1
2025,CFC,6.3.1.9.01.01.002,63190101002,"INDENIZAÇÕES, RESTITUIÇÕES E REPOSIÇÕES",40000.0,21662.77,1
2025,CFC,6.3.1.9.01.01.003,63190101003,DESPESAS DE EXERCÍCIOS ANTERIORES,225011.28,197527.01,1
2025,CFC,6.3.1.9.01.01.006,63190101006,REEMBOLSO DE DESPESA COM COBRANÇA,550000.0,501854.02,1
2025,CFC,6.3.2,632,DESPESAS DE CAPITAL,6898900.75,3999588.71,0
2025,CFC,6.3.2.1,6321,INVESTIMENTOS,3027900.75,1369738.37,0
2025,CFC,6.3.2.1.01,632101,"OBRAS, INSTALAÇÕES E REFORMAS",229000.0,121500.0,0
2025,CFC,6.3.2.1.01.01,63210101,"OBRAS, INSTALAÇÕES E REFORMAS",229000.0,121500.0,0
2025,CFC,6.3.2.1.01.01.004,63210101004,ESTUDOS E PROJETOS,229000.0,121500.0,1
2025,CFC,6.3.2.1.03,632103,EQUIPAMENTOS E MATERIAIS PERMANENTES,2520700.75,1248238.37,0
2025,CFC,6.3.2.1.03.01,63210301,EQUIPAMENTOS E MATERIAIS PERMANENTES,2520700.75,1248238.37,0
2025,CFC,6.3.2.1.03.01.001,63210301001,MÓVEIS E UTENSÍLIOS DE ESCRITÓRIOS,325000.0,305850.35,1
2025,CFC,6.3.2.1.03.01.002,63210301002,MÁQUINAS E EQUIPAMENTOS,426004.6,39475.78,1
2025,CFC,6.3.2.1.03.01.003,63210301003,INSTALAÇÕES,597729.0,31698.96,1
2025,CFC,6.3.2.1.03.01.004,63210301004,UTENSÍLIOS DE COPA E COZINHA,14967.15,480.0,1
2025,CFC,6.3.2.1.03.01.006,63210301006,EQUIPAMENTOS DE PROCESSAMENTO DE DADOS,1107000.0,852152.0,1
2025,CFC,6.3.2.1.03.01.008,63210301008,BIBLIOTECA,50000.0,18581.28,1
2025,CFC,6.3.2.1.05,632105,INTANGÍVEL,278200.0,0.0,0
2025,CFC,6.3.2.1.05.01,63210501,INTANGÍVEL,278200.0,0.0,0
2025,CFC,6.3.2.1.05.01.002,63210501002,SOFTWARES,278200.0,0.0,1
2025,CFC,6.3.2.4,6324,TRANSFERÊNCIAS DE CAPITAL,3871000.0,2629850.34,0
2025,CFC,6.3.2.4.01,632401,TRANSFERÊNCIAS DE CAPITAL,3871000.0,2629850.34,0
2025,CFC,6.3.2.4.01.01,63240101,TRANSFERÊNCIAS DE CAPITAL,3871000.0,2629850.34,0
2025,CFC,6.3.2.4.01.01.001,63240101001,AUXÍLIOS,3871000.0,2629850.34,1
2026,CFC,6.2,62,EXECUÇÃO DA RECEITA,132578920.0,76153140.45,0
2026,CFC,6.2.1,621,RECEITAS CORRENTES,104716649.0,75237939.29,0
2026,CFC,6.2.1.1,6211,CONTRIBUIÇÕES,70310428.0,57191953.52,0
2026,CFC,6.2.1.1.02,621102,COTA PARTE,70310428.0,56055479.53,0
2026,CFC,6.2.1.1.02.01,62110201,COTA PARTE,70310428.0,56055479.53,0
2026,CFC,6.2.1.1.02.01.001,62110201001,CRC-AC,205204.0,134558.39,1
2026,CFC,6.2.1.1.02.01.002,62110201002,CRC-AL,612330.0,438038.55,1
2026,CFC,6.2.1.1.02.01.003,62110201003,CRC-AM,1049061.0,762021.83,1
2026,CFC,6.2.1.1.02.01.004,62110201004,CRC-AP,210970.0,137751.64,1
2026,CFC,6.2.1.1.02.01.005,62110201005,CRC-BA,2565629.0,1973529.34,1
2026,CFC,6.2.1.1.02.01.006,62110201006,CRC-CE,1604541.0,1275735.19,1
2026,CFC,6.2.1.1.02.01.007,62110201007,CRC-DF,2009330.0,1523664.46,1
2026,CFC,6.2.1.1.02.01.008,62110201008,CRC-ES,1549613.0,1220524.89,1
2026,CFC,6.2.1.1.02.01.009,62110201009,CRC-GO,2060243.0,1602312.87,1
2026,CFC,6.2.1.1.02.01.010,62110201010,CRC-MA,895356.0,609024.92,1
2026,CFC,6.2.1.1.02.01.011,62110201011,CRC-MG,7307064.0,6272136.39,1
2026,CFC,6.2.1.1.02.01.012,62110201012,CRC-MS,909139.0,735612.27,1
2026,CFC,6.2.1.1.02.01.013,62110201013,CRC-MT,1582917.0,1111914.89,1
2026,CFC,6.2.1.1.02.01.014,62110201014,CRC-PA,1351497.0,1096604.67,1
2026,CFC,6.2.1.1.02.01.015,62110201015,CRC-PB,886636.0,722142.17,1
2026,CFC,6.2.1.1.02.01.016,62110201016,CRC-PE,1918516.0,1461000.26,1
2026,CFC,6.2.1.1.02.01.017,62110201017,CRC-PI,745100.0,536883.61,1
2026,CFC,6.2.1.1.02.01.018,62110201018,CRC-PR,4692101.0,4112567.75,1
2026,CFC,6.2.1.1.02.01.019,62110201019,CRC-RJ,6335879.0,5076318.73,1
2026,CFC,6.2.1.1.02.01.020,62110201020,CRC-RN,902857.0,696360.95,1
2026,CFC,6.2.1.1.02.01.021,62110201021,CRC-RO,612294.0,440128.64,1
2026,CFC,6.2.1.1.02.01.022,62110201022,CRC-RR,194802.0,127966.01,1
2026,CFC,6.2.1.1.02.01.023,62110201023,CRC-RS,4352419.0,3645568.07,1
2026,CFC,6.2.1.1.02.01.024,62110201024,CRC-SC,3207576.0,2774962.76,1
2026,CFC,6.2.1.1.02.01.025,62110201025,CRC-SE,499182.0,389750.42,1
2026,CFC,6.2.1.1.02.01.026,62110201026,CRC-SP,21455652.0,16756418.56,1
2026,CFC,6.2.1.1.02.01.027,62110201027,CRC-TO,594520.0,421981.3,1
2026,CFC,6.2.1.1.03,621103,FUNDO DE INTEGRAÇÃO E DESENVOLVIMENTO,0.0,1136473.99,0
2026,CFC,6.2.1.1.03.01,62110301,FUNDO DE INTEGRAÇÃO E DESENVOLVIMENTO,0.0,1136473.99,0
2026,CFC,6.2.1.1.03.01.001,62110301001,FUNDO PARA INVESTIMENTO,0.0,1136473.99,1
2026,CFC,6.2.1.2,6212,EXPLORAÇÃO DE BENS E SERVIÇOS,15022898.0,8062999.66,0
2026,CFC,6.2.1.2.02,621202,EXPLORAÇÃO DE SERVIÇOS,15022898.0,8062999.66,0
2026,CFC,6.2.1.2.02.02,62120202,EMOLUMENTOS COM EXPEDIÇÕES DE CARTEIRAS,920000.0,352744.0,0
2026,CFC,6.2.1.2.02.02.001,62120202001,PROFISSIONAIS,920000.0,352744.0,1
2026,CFC,6.2.1.2.02.05,62120205,RECEITAS DE EXAME DE SUFICIÊNCIA,12000000.0,6930300.02,0
2026,CFC,6.2.1.2.02.05.001,62120205001,EXAME DE SUFICIÊNCIA,12000000.0,6930300.02,1
2026,CFC,6.2.1.2.02.06,62120206,RECEITAS DE EXAME DE QUALIF. TÉC. (CNAI),2080000.0,746460.02,0
2026,CFC,6.2.1.2.02.06.001,62120206001,EXAME DE QUALIFICAÇÃO TÉCNICA (CNAI),2080000.0,746460.02,1
2026,CFC,6.2.1.2.02.09,62120209,RECEITAS DIVERSAS,22898.0,33495.62,0
2026,CFC,6.2.1.2.02.09.013,62120209013,RECUPERAÇÃO DE OUTRAS DESPESAS OPERAC.,18631.0,17495.62,1
2026,CFC,6.2.1.2.02.09.099,62120209099,DEMAIS RECEITAS DIVERSAS,4267.0,16000.0,1
2026,CFC,6.2.1.3,6213,FINANCEIRAS,19295913.0,9948033.11,0
2026,CFC,6.2.1.3.01,621301,JUROS E ENCARGOS S/EMPRÉSTIMOS CONCED.,1041789.0,444497.95,0
2026,CFC,6.2.1.3.01.01,62130101,JUROS E ENCARGOS S/EMPRÉSTIMOS CONCED.,1041789.0,444497.95,0
2026,CFC,6.2.1.3.01.01.001,62130101001,JUROS SOBRE EMPRÉSTIMOS,1041789.0,444497.95,1
2026,CFC,6.2.1.3.05,621305,REMUN. DE DEP. BANC. E APLIC. FINANC.,18254124.0,9503535.16,0
2026,CFC,6.2.1.3.05.01,62130501,RENDIMENTOS DE APLICAÇÃO ,18254124.0,9503535.16,0
2026,CFC,6.2.1.3.05.01.004,62130501004,FUNDOS DE INVESTIMENTOS,18254124.0,9503535.16,1
2026,CFC,6.2.1.9,6219,OUTRAS RECEITAS CORRENTES,87410.0,34953.0,0
2026,CFC,6.2.1.9.02,621902,INDENIZAÇÕES E RESTITUIÇÕES,87410.0,34953.0,0
2026,CFC,6.2.1.9.02.01,62190201,INDENIZAÇÕES E RESTITUIÇÕES,87410.0,34953.0,0
2026,CFC,6.2.1.9.02.01.001,62190201001,INDENIZAÇÕES,6832.0,21776.54,1
2026,CFC,6.2.1.9.02.01.002,62190201002,RESTITUIÇÕES,80578.0,13176.46,1
2026,CFC,6.2.2,622,RECEITAS DE CAPITAL,1913351.0,915201.16,0
2026,CFC,6.2.2.4,6224,AMORTIZAÇÃO DE EMPRÉSTIMOS CONCEDIDOS,1913351.0,915201.16,0
2026,CFC,6.2.2.4.01,622401,AMORTIZAÇÃO DE EMPRÉSTIMOS CONCEDIDOS,1913351.0,915201.16,0
2026,CFC,6.2.2.4.01.02,62240102,"EMPREST.P/AQUIS., CONSTR. E REFORMA DE SEDE",1913351.0,915201.16,0
2026,CFC,6.2.2.4.01.02.005,62240102005,CRC - BA,688800.0,334400.0,1
2026,CFC,6.2.2.4.01.02.010,62240102010,CRC - MA,90565.0,45282.6,1
2026,CFC,6.2.2.4.01.02.016,62240102016,CRC -PE,313935.0,156967.26,1
2026,CFC,6.2.2.4.01.02.017,62240102017,CRC - PI,127000.0,0.0,1
2026,CFC,6.2.2.4.01.02.021,62240102021,CRC - RO,68051.0,68051.3,1
2026,CFC,6.2.2.4.01.02.023,62240102023,CRC - RS,625000.0,310500.0,1
2026,CFC,6.2.3,623,PREVISÃO ADICIONAL,25948920.0,0.0,0
2026,CFC,6.2.3.1,6231,PREVISÃO ADICIONAL,25948920.0,0.0,0
2026,CFC,6.2.3.1.01,623101,PREVISÃO ADICIONAL,25948920.0,0.0,0
2026,CFC,6.2.3.1.01.01,62310101,PREVISÃO ADICIONAL,25948920.0,0.0,0
2026,CFC,6.2.3.1.01.01.001,62310101001,SUPERÁVIT FINANCEIRO,25948920.0,0.0,1
2026,CFC,6.3,63,EXECUÇÃO DA DESPESA,132578920.0,52082819.55,0
2026,CFC,6.3.1,631,DESPESAS CORRENTES,121161664.0,49241249.74,0
2026,CFC,6.3.1.1,6311,PESSOAL E ENCARGOS,36067030.75,18750073.15,0
2026,CFC,6.3.1.1.01,631101,PESSOAL E ENCARGOS,36067030.75,18750073.15,0
2026,CFC,6.3.1.1.01.01,63110101,REMUNERAÇÃO PESSOAL,24340550.0,12630495.21,0
2026,CFC,6.3.1.1.01.01.001,63110101001,SALÁRIOS,15300000.0,7981657.76,1
2026,CFC,6.3.1.1.01.01.003,63110101003,GRATIFICAÇÃO POR EXERCÍCIO DE CARGOS,3773000.0,2086331.37,1
2026,CFC,6.3.1.1.01.01.004,63110101004,GRATIFICAÇÃO DE NATAL - 13º SALÁRIO,1846000.0,936181.4,1
2026,CFC,6.3.1.1.01.01.005,63110101005,FÉRIAS  ,2253000.0,1137536.63,1
2026,CFC,6.3.1.1.01.01.006,63110101006,ABONO PECUNIÁRIO DE FÉRIAS,510000.0,212569.82,1
2026,CFC,6.3.1.1.01.01.007,63110101007,HORAS EXTRAS,31000.0,21960.07,1
2026,CFC,6.3.1.1.01.01.008,63110101008,SUBSTITUIÇÕES,200000.0,104987.23,1
2026,CFC,6.3.1.1.01.01.009,63110101009,ADICIONAL NOTURNO,50.0,0.0,1
2026,CFC,6.3.1.1.01.01.010,63110101010,INDENIZAÇÕES TRABALHISTAS,427500.0,149270.93,1
2026,CFC,6.3.1.1.01.02,63110102,ENCARGOS PATRONAIS,7354480.75,3785198.71,0
2026,CFC,6.3.1.1.01.02.001,63110102001,INSS ENTIDADE,5184305.75,2646774.09,1
2026,CFC,6.3.1.1.01.02.002,63110102002,FGTS,1929044.0,1015969.37,1
2026,CFC,6.3.1.1.01.02.003,63110102003,PIS SOBRE FOLHA DE PAGAMENTO,241131.0,122455.25,1
2026,CFC,6.3.1.1.01.03,63110103,BENEFÍCIOS A PESSOAL,4372000.0,2334379.23,0
2026,CFC,6.3.1.1.01.03.001,63110103001,VALE TRANSPORTE,10000.0,3464.81,1
2026,CFC,6.3.1.1.01.03.002,63110103002,PROGRAMA DE ALIMENT. AO TRABALHADOR-PAT,2277000.0,1365164.32,1
2026,CFC,6.3.1.1.01.03.003,63110103003,PLANO DE SAÚDE,2070000.0,961761.5,1
2026,CFC,6.3.1.1.01.03.004,63110103004,PLANO ODONTOLÓGICO,15000.0,3988.6,1
2026,CFC,6.3.1.2,6312,BENEFÍCIOS ASSISTENCIAIS,198441.85,70436.8,0
2026,CFC,6.3.1.2.01,631201,BENEFÍCIOS ASSISTENCIAIS,198441.85,70436.8,0
2026,CFC,6.3.1.2.01.01,63120101,BENEFÍCIOS ASSISTENCIAIS,198441.85,70436.8,0
2026,CFC,6.3.1.2.01.01.001,63120101001,AUXÍLIO EDUCAÇÃO,75000.0,15734.88,1
2026,CFC,6.3.1.2.01.01.002,63120101002,AUXÍLIO CRECHE ,123441.85,54701.92,1
2026,CFC,6.3.1.3,6313,USO DE BENS E SERVIÇOS,79043191.4,28138810.62,0
2026,CFC,6.3.1.3.01,631301,MATERIAL DE CONSUMO ,1090961.0,270164.64,0
2026,CFC,6.3.1.3.01.01,63130101,MATERIAL DE CONSUMO,1022532.0,247568.51,0
2026,CFC,6.3.1.3.01.01.001,63130101001,MATERIAIS DE EXPEDIENTE,32200.0,1737.0,1
2026,CFC,6.3.1.3.01.01.002,63130101002,"IMPRESSOS, FORMULÁRIOS E PAPÉIS",2500.0,0.0,1
2026,CFC,6.3.1.3.01.01.004,63130101004,CARTEIRAS DE IDENTIFICAÇÃO PROFISSIONAL,330000.0,73724.56,1
2026,CFC,6.3.1.3.01.01.005,63130101005,"BANDEIRAS, FLÂMULAS E PLACAS",6500.0,1522.0,1
2026,CFC,6.3.1.3.01.01.008,63130101008,MATERIAIS DE INFORMÁTICA,35500.0,632.41,1
2026,CFC,6.3.1.3.01.01.010,63130101010,MATERIAIS ELÉTRICOS E DE TELEFONIA,37500.0,202.11,1
2026,CFC,6.3.1.3.01.01.011,63130101011,MATERIAIS PARA MANUT. DE BENS MÓVEIS,39122.0,18.9,1
2026,CFC,6.3.1.3.01.01.012,63130101012,MATERIAIS PARA MANUT. DE BENS IMÓVEIS,58300.0,4129.91,1
2026,CFC,6.3.1.3.01.01.013,63130101013,MATERIAL DE COPA E COZINHA,23850.0,1754.0,1
2026,CFC,6.3.1.3.01.01.014,63130101014,"UNIFORMES, TECIDOS E AVIAMENTOS",30000.0,0.0,1
2026,CFC,6.3.1.3.01.01.015,63130101015,GÊNEROS DE ALIMENTAÇÃO,76000.0,49180.27,1
2026,CFC,6.3.1.3.01.01.016,63130101016,"MAT. DE HIGIENE, LIMPEZA E CONSERVAÇÃO",98000.0,42850.1,1
2026,CFC,6.3.1.3.01.01.017,63130101017,BENS MÓVEIS NÃO ATIVAVEIS,27990.0,18350.75,1
2026,CFC,6.3.1.3.01.01.018,63130101018,MATERIAIS DE DISTRIBUIÇÃO GRATUITA,225070.0,53466.5,1
2026,CFC,6.3.1.3.01.02,63130102,DESPESAS COM VEÍCULOS ,53929.0,15730.61,0
2026,CFC,6.3.1.3.01.02.001,63130102001,COMBUSTÍVEIS E LUBRIFICANTES,45579.0,14974.61,1
2026,CFC,6.3.1.3.01.02.002,63130102002,PEÇAS E ACESSÓRIOS,8350.0,756.0,1
2026,CFC,6.3.1.3.01.09,63130109,OUTROS MATERIAIS DE CONSUMO,14500.0,6865.52,0
2026,CFC,6.3.1.3.01.09.001,63130109001,OUTROS MATERIAIS DE CONSUMO,14500.0,6865.52,1
2026,CFC,6.3.1.3.02,631302,SERVIÇOS,77952230.4,27868645.98,0
2026,CFC,6.3.1.3.02.01,63130201,SERVIÇOS,65737229.4,18836719.98,0
2026,CFC,6.3.1.3.02.01.001,63130201001,SERVIÇO DE AUDITORIA E PERÍCIA,70000.0,7500.0,1
2026,CFC,6.3.1.3.02.01.002,63130201002,SERVIÇO DE ASSESSORIA E CONSULTORIA,1952091.0,652261.92,1
2026,CFC,6.3.1.3.02.01.003,63130201003,SERVIÇOS ADVOCATÍCIOS,177430.0,78715.0,1
2026,CFC,6.3.1.3.02.01.004,63130201004,SERVIÇOS DE INSTRUTORES,208800.0,196336.23,1
2026,CFC,6.3.1.3.02.01.005,63130201005,SERVIÇOS DE TECNOLOGIA DA INFORMAÇÃO,28628256.0,6497272.24,1
2026,CFC,6.3.1.3.02.01.007,63130201007,SERVIÇOS DE COPA E COZINHA ,105000.0,43822.91,1
2026,CFC,6.3.1.3.02.01.008,63130201008,"SERV.DE LIMPEZA, CONSERV. E JARDINAGEM",929000.0,322891.01,1
2026,CFC,6.3.1.3.02.01.009,63130201009,SERV. DE SEGURANÇA PREDIAL E PREVENTIVA,1674263.0,688971.46,1
2026,CFC,6.3.1.3.02.01.010,63130201010,SERVIÇOS DE MEDICINA DO TRABALHO,149664.0,18279.81,1
2026,CFC,6.3.1.3.02.01.011,63130201011,"SELEÇÃO, TREINAMENTO E ORG/APLICAÇÃO DE EXAMES",14516860.0,1461550.37,1
2026,CFC,6.3.1.3.02.01.012,63130201012,SERVIÇOS DE INTERMEDIAÇÃO DE ESTAGIOS/APRENDIZES,51815.4,13105.89,1
2026,CFC,6.3.1.3.02.01.013,63130201013,ESTAGIOS,1000000.0,402405.94,1
2026,CFC,6.3.1.3.02.01.017,63130201017,SERVIÇOS FOTOGRÁFICOS E VÍDEOS,35984.0,27678.0,1
2026,CFC,6.3.1.3.02.01.018,63130201018,SERVIÇO DE DIVULGAÇÃO INSTITUCIONAL,2500000.0,480521.21,1
2026,CFC,6.3.1.3.02.01.020,63130201020,SERVIÇOS DE REPRESENTAÇÕES,3291750.0,3180528.5,1
2026,CFC,6.3.1.3.02.01.021,63130201021,SERVIÇOS DE APOIO ADMINISTRATIVO E OPERACIONAL,317041.0,116346.24,1
2026,CFC,6.3.1.3.02.01.022,63130201022,DEMAIS SERVIÇOS PROFISSIONAIS,992625.0,896878.99,1
2026,CFC,6.3.1.3.02.01.023,63130201023,SEGUROS DE BENS MÓVEIS,5000.0,0.0,1
2026,CFC,6.3.1.3.02.01.024,63130201024,SEGUROS DE BENS IMÓVEIS,5000.0,0.0,1
2026,CFC,6.3.1.3.02.01.026,63130201026,"LOC. DE BENS MÓVEIS, MÁQUINAS E EQUIP.",813922.0,77800.37,1
2026,CFC,6.3.1.3.02.01.027,63130201027,LOCAÇÃO DE BENS IMÓVEIS,231500.0,221674.07,1
2026,CFC,6.3.1.3.02.01.029,63130201029,MANUTENÇÃO E CONSERVAÇÃO BENS MÓVEIS ,274198.0,44335.04,1
2026,CFC,6.3.1.3.02.01.030,63130201030,MANUTENÇÃO E CONSERV. DOS BENS IMÓVEIS,290072.0,110500.23,1
2026,CFC,6.3.1.3.02.01.031,63130201031,MANUTENÇÃO E CONSERVAÇÃO DE VEÍCULOS,12423.0,1202.01,1
2026,CFC,6.3.1.3.02.01.032,63130201032,SERVIÇOS DE ENERGIA ELÉTRICA,661200.0,319069.78,1
2026,CFC,6.3.1.3.02.01.033,63130201033,SERVIÇOS DE ÁGUA E ESGOTO,160000.0,86755.12,1
2026,CFC,6.3.1.3.02.01.035,63130201035,POST.DE CORRESPONDÊNCIA INSTITUCIONAL,100000.0,50721.16,1
2026,CFC,6.3.1.3.02.01.036,63130201036,SERVIÇOS DE TELECOMUNICAÇÕES,27800.0,10278.81,1
2026,CFC,6.3.1.3.02.01.037,63130201037,SERVIÇOS DE INTERNET,42426.0,16780.4,1
2026,CFC,6.3.1.3.02.01.039,63130201039,ASSINATURAS,58500.0,12496.28,1
2026,CFC,6.3.1.3.02.01.040,63130201040,PUBLICAÇÕES TÉCNICAS,960000.0,625953.48,1
2026,CFC,6.3.1.3.02.01.045,63130201045,CÓPIAS E MICROFILMAGEM DE DOCUMENTOS,21000.0,6875.99,1
2026,CFC,6.3.1.3.02.01.048,63130201048,SERVIÇOS DECORRENTES DE CONTRATOS DE TERCEIRIZAÇÃO,5473609.0,2167211.52,1
2026,CFC,6.3.1.3.02.03,63130203,DIÁRIAS,5932805.0,4283771.55,0
2026,CFC,6.3.1.3.02.03.001,63130203001,FUNCIONÁRIOS - DIÁRIAS,592457.0,383168.62,1
2026,CFC,6.3.1.3.02.03.002,63130203002,CONSELHEIROS - DIÁRIAS,3215727.5,2275872.34,1
2026,CFC,6.3.1.3.02.03.003,63130203003,COLABORADORES - DIÁRIAS,2124620.5,1624730.59,1
2026,CFC,6.3.1.3.02.04,63130204,PASSAGENS,5929276.0,4551997.31,0
2026,CFC,6.3.1.3.02.04.001,63130204001,FUNCIONÁRIOS - PASSAGENS,506500.0,415190.1,1
2026,CFC,6.3.1.3.02.04.002,63130204002,CONSELHEIROS - PASSAGENS,2551776.0,1714531.56,1
2026,CFC,6.3.1.3.02.04.003,63130204003,COLABORADORES - PASSAGENS,2871000.0,2422275.65,1
2026,CFC,6.3.1.3.02.06,63130206,DESPESA COM LOCOMOÇÃO,352920.0,196157.14,0
2026,CFC,6.3.1.3.02.06.001,63130206001,AUXÍLIO DESLOCAMENTO,352920.0,196157.14,1
2026,CFC,6.3.1.4,6314,FINANCEIRAS,338000.0,124273.72,0
2026,CFC,6.3.1.4.01,631401,FINANCEIRAS,338000.0,124273.72,0
2026,CFC,6.3.1.4.01.02,63140102,SERVIÇOS BANCÁRIOS,338000.0,124273.72,0
2026,CFC,6.3.1.4.01.02.001,63140102001,TAXA SOBRE SERVIÇOS BANCÁRIOS,38000.0,15134.1,1
2026,CFC,6.3.1.4.01.02.002,63140102002,DESPESAS COM COBRANÇA,300000.0,109139.62,1
2026,CFC,6.3.1.5,6315,TRANSFERÊNCIAS CORRENTES,3490000.0,1352231.5,0
2026,CFC,6.3.1.5.01,631501,TRANSFERÊNCIAS CORRENTES,3490000.0,1352231.5,0
2026,CFC,6.3.1.5.01.01,63150101,SUBVENÇÕES,3490000.0,1352231.5,0
2026,CFC,6.3.1.5.01.01.001,63150101001,SUBVENÇÕES,3490000.0,1352231.5,1
2026,CFC,6.3.1.6,6316,TRIBUTÁRIAS E CONTRIBUTIVAS,154500.0,84352.77,0
2026,CFC,6.3.1.6.01,631601,TRIBUTÁRIAS E CONTRIBUTIVAS,154500.0,84352.77,0
2026,CFC,6.3.1.6.01.01,63160101,TRIBUTOS,154500.0,84352.77,0
2026,CFC,6.3.1.6.01.01.002,63160101002,IMPOSTOS E TAXAS,126500.0,80793.15,1
2026,CFC,6.3.1.6.01.01.003,63160101003,DESPESAS JUDICIAIS,28000.0,3559.62,1
2026,CFC,6.3.1.9,6319,OUTRAS DESPESAS CORRENTES,1870500.0,721071.18,0
2026,CFC,6.3.1.9.01,631901,OUTRAS DESPESAS CORRENTES,1870500.0,721071.18,0
2026,CFC,6.3.1.9.01.01,63190101,DEMAIS DESPESAS CORRENTES,1870500.0,721071.18,0
2026,CFC,6.3.1.9.01.01.001,63190101001,SENTENÇAS JUDICIAIS,15000.0,1817.46,1
2026,CFC,6.3.1.9.01.01.002,63190101002,"INDENIZAÇÕES, RESTITUIÇÕES E REPOSIÇÕES",105500.0,1671.03,1
2026,CFC,6.3.1.9.01.01.003,63190101003,DESPESAS DE EXERCÍCIOS ANTERIORES,1340000.0,475987.99,1
2026,CFC,6.3.1.9.01.01.006,63190101006,REEMBOLSO DE DESPESA COM COBRANÇA,410000.0,241594.7,1
2026,CFC,6.3.2,632,DESPESAS DE CAPITAL,11417256.0,2841569.81,0
2026,CFC,6.3.2.1,6321,INVESTIMENTOS,7206086.0,578638.16,0
2026,CFC,6.3.2.1.01,632101,"OBRAS, INSTALAÇÕES E REFORMAS",1850000.0,73850.0,0
2026,CFC,6.3.2.1.01.01,63210101,"OBRAS, INSTALAÇÕES E REFORMAS",1850000.0,73850.0,0
2026,CFC,6.3.2.1.01.01.001,63210101001,OBRAS E INSTALAÇÕES,10000.0,0.0,1
2026,CFC,6.3.2.1.01.01.004,63210101004,ESTUDOS E PROJETOS,1840000.0,73850.0,1
2026,CFC,6.3.2.1.03,632103,EQUIPAMENTOS E MATERIAIS PERMANENTES,5327700.0,504788.16,0
2026,CFC,6.3.2.1.03.01,63210301,EQUIPAMENTOS E MATERIAIS PERMANENTES,5327700.0,504788.16,0
2026,CFC,6.3.2.1.03.01.002,63210301002,MÁQUINAS E EQUIPAMENTOS,382700.0,17839.55,1
2026,CFC,6.3.2.1.03.01.003,63210301003,INSTALAÇÕES,4890000.0,473073.89,1
2026,CFC,6.3.2.1.03.01.004,63210301004,UTENSÍLIOS DE COPA E COZINHA,15000.0,8806.81,1
2026,CFC,6.3.2.1.03.01.008,63210301008,BIBLIOTECA,40000.0,5067.91,1
2026,CFC,6.3.2.1.05,632105,INTANGÍVEL,28386.0,0.0,0
2026,CFC,6.3.2.1.05.01,63210501,INTANGÍVEL,28386.0,0.0,0
2026,CFC,6.3.2.1.05.01.002,63210501002,SOFTWARES,28386.0,0.0,1
2026,CFC,6.3.2.4,6324,TRANSFERÊNCIAS DE CAPITAL,4211170.0,2262931.65,0
2026,CFC,6.3.2.4.01,632401,TRANSFERÊNCIAS DE CAPITAL,4211170.0,2262931.65,0
2026,CFC,6.3.2.4.01.01,63240101,TRANSFERÊNCIAS DE CAPITAL,4211170.0,2262931.65,0
2026,CFC,6.3.2.4.01.01.001,63240101001,AUXÍLIOS,4211170.0,2262931.65,1
