ano,conselho,conta,descricao,ramo,realizado_orcamento,executado_diario,diferenca,bate
2022,CFC,6.2.1.1.02.01.001,CRC-AC,6.2,129914.28,129914.28,0.0,1
2022,CFC,6.2.1.1.02.01.002,CRC-AL,6.2,485429.7,485429.7,0.0,1
2022,CFC,6.2.1.1.02.01.003,CRC-AM,6.2,758306.79,758306.79,0.0,1
2022,CFC,6.2.1.1.02.01.004,CRC-AP,6.2,130996.96,130996.95999999999,-1.4551915228366852e-11,1
2022,CFC,6.2.1.1.02.01.005,CRC-BA,6.2,2012903.37,2012903.37,0.0,1
2022,CFC,6.2.1.1.02.01.006,CRC-CE,6.2,1221804.56,1221804.5599999998,-2.3283064365386963e-10,1
2022,CFC,6.2.1.1.02.01.007,CRC-DF,6.2,1548747.5,1548747.5,0.0,1
2022,CFC,6.2.1.1.02.01.008,CRC-ES,6.2,1275730.91,1275730.9100000001,2.3283064365386963e-10,1
2022,CFC,6.2.1.1.02.01.009,CRC-GO,6.2,1577184.33,1577184.3299999998,-2.3283064365386963e-10,1
2022,CFC,6.2.1.1.02.01.010,CRC-MA,6.2,700248.44,700248.4400000001,1.1641532182693481e-10,1
2022,CFC,6.2.1.1.02.01.011,CRC-MG,6.2,6260776.41,6260776.41,0.0,1
2022,CFC,6.2.1.1.02.01.012,CRC-MS,6.2,905996.37,905996.37,0.0,1
2022,CFC,6.2.1.1.02.01.013,CRC-MT,6.2,1252358.71,1252358.7100000002,2.3283064365386963e-10,1
2022,CFC,6.2.1.1.02.01.014,CRC-PA,6.2,1012593.5,1012593.5000000001,1.1641532182693481e-10,1
2022,CFC,6.2.1.1.02.01.015,CRC-PB,6.2,648701.4,648701.4,0.0,1
2022,CFC,6.2.1.1.02.01.016,CRC-PE,6.2,1417985.48,1417985.4800000002,2.3283064365386963e-10,1
2022,CFC,6.2.1.1.02.01.017,CRC-PI,6.2,527052.53,527052.53,0.0,1
2022,CFC,6.2.1.1.02.01.018,CRC-PR,6.2,3942766.71,3942766.71,0.0,1
2022,CFC,6.2.1.1.02.01.019,CRC-RJ,6.2,5692943.05,5692943.05,0.0,1
2022,CFC,6.2.1.1.02.01.020,CRC-RN,6.2,733447.8,733447.8,0.0,1
2022,CFC,6.2.1.1.02.01.021,CRC-RO,6.2,450692.81,450692.81,0.0,1
2022,CFC,6.2.1.1.02.01.022,CRC-RR,6.2,146060.04,146060.04,0.0,1
2022,CFC,6.2.1.1.02.01.023,CRC-RS,6.2,3649814.59,3649814.5900000003,4.656612873077393e-10,1
2022,CFC,6.2.1.1.02.01.024,CRC-SC,6.2,2557329.37,2557329.37,0.0,1
2022,CFC,6.2.1.1.02.01.025,CRC-SE,6.2,391579.47,391579.47,0.0,1
2022,CFC,6.2.1.1.02.01.026,CRC-SP,6.2,16232701.12,16232701.120000001,1.862645149230957e-09,1
2022,CFC,6.2.1.1.02.01.027,CRC-TO,6.2,423649.74,423649.74,0.0,1
2022,CFC,6.2.1.2.02.02.001,PROFISSIONAIS,6.2,571332.0,571332.0,0.0,1
2022,CFC,6.2.1.2.02.05.001,EXAME DE SUFICIÊNCIA,6.2,5586070.0,5586070.0,0.0,1
2022,CFC,6.2.1.2.02.06.001,EXAME DE QUALIFICAÇÃO TÉCNICA (CNAI),6.2,778600.0,778600.0,0.0,1
2022,CFC,6.2.1.2.02.09.013,RECUPERAÇÃO DE OUTRAS DESPESAS OPERAC.,6.2,20477.4,20477.4,0.0,1
2022,CFC,6.2.1.2.02.09.099,DEMAIS RECEITAS DIVERSAS,6.2,1627.08,1627.0800000000002,2.2737367544323206e-13,1
2022,CFC,6.2.1.3.01.01.001,JUROS SOBRE EMPRÉSTIMOS,6.2,420929.38,420929.38,0.0,1
2022,CFC,6.2.1.3.05.01.004,FUNDOS DE INVESTIMENTOS,6.2,16253716.83,16253716.83,0.0,1
2022,CFC,6.2.1.9.02.01.001,INDENIZAÇÕES,6.2,14718.42,14718.42,0.0,1
2022,CFC,6.2.1.9.02.01.002,RESTITUIÇÕES,6.2,56490.46,56490.46,0.0,1
2022,CFC,6.2.2.4.01.02.003,CRC-CE,6.2,381115.66,381115.66000000003,5.820766091346741e-11,1
2022,CFC,6.2.2.4.01.02.005,CRC - BA,6.2,0.0,0.0,0.0,1
2022,CFC,6.2.2.4.01.02.008,CRC - ES,6.2,97500.0,97500.0,0.0,1
2022,CFC,6.2.2.4.01.02.010,CRC - MA,6.2,0.0,0.0,0.0,1
2022,CFC,6.2.2.4.01.02.016,CRC -PE,6.2,0.0,0.0,0.0,1
2022,CFC,6.2.2.4.01.02.017,CRC - PI,6.2,127000.0,127000.0,0.0,1
2022,CFC,6.2.2.4.01.02.021,CRC - RO,6.2,68051.3,68051.3,0.0,1
2022,CFC,6.2.2.4.01.02.023,CRC - RS,6.2,545000.0,545000.0,0.0,1
2022,CFC,6.2.2.4.01.02.027,CRC - TO,6.2,68861.43,68861.43,0.0,1
2022,CFC,6.2.3.1.01.01.001,SUPERÁVIT FINANCEIRO,6.2,0.0,0.0,0.0,1
2022,CFC,6.3.1.1.01.01.001,SALÁRIOS,6.3,12635298.08,12635298.08,0.0,1
2022,CFC,6.3.1.1.01.01.003,GRATIFICAÇÃO POR EXERCÍCIO DE CARGOS,6.3,2685342.93,2685342.9299999997,-4.656612873077393e-10,1
2022,CFC,6.3.1.1.01.01.004,GRATIFICAÇÃO DE NATAL - 13º SALÁRIO,6.3,1412898.57,1412898.57,0.0,1
2022,CFC,6.3.1.1.01.01.005,FÉRIAS  ,6.3,1750611.31,1750611.31,0.0,1
2022,CFC,6.3.1.1.01.01.006,ABONO PECUNIÁRIO DE FÉRIAS,6.3,239515.29,239515.29,0.0,1
2022,CFC,6.3.1.1.01.01.007,HORAS EXTRAS,6.3,26997.55,26997.55,0.0,1
2022,CFC,6.3.1.1.01.01.008,SUBSTITUIÇÕES,6.3,29999.19,29999.190000000002,3.637978807091713e-12,1
2022,CFC,6.3.1.1.01.01.009,ADICIONAL NOTURNO,6.3,0.0,0.0,0.0,1
2022,CFC,6.3.1.1.01.01.010,INDENIZAÇÕES TRABALHISTAS,6.3,363759.16,363759.16000000003,5.820766091346741e-11,1
2022,CFC,6.3.1.1.01.02.001,INSS ENTIDADE,6.3,4387762.21,4387762.21,0.0,1
2022,CFC,6.3.1.1.01.02.002,FGTS,6.3,1486477.71,1486477.71,0.0,1
2022,CFC,6.3.1.1.01.02.003,PIS SOBRE FOLHA DE PAGAMENTO,6.3,188662.13,188662.13,0.0,1
2022,CFC,6.3.1.1.01.03.001,VALE TRANSPORTE,6.3,8487.05,8487.050000000001,1.8189894035458565e-12,1
2022,CFC,6.3.1.1.01.03.002,PROGRAMA DE ALIMENT. AO TRABALHADOR-PAT,6.3,1453985.62,1453985.62,0.0,1
2022,CFC,6.3.1.1.01.03.003,PLANO DE SAÚDE,6.3,1494099.69,1494099.69,0.0,1
2022,CFC,6.3.1.1.01.03.004,PLANO ODONTOLÓGICO,6.3,17057.39,17057.39,0.0,1
2022,CFC,6.3.1.2.01.01.001,AUXÍLIO EDUCAÇÃO,6.3,2379.0,2379.0,0.0,1
2022,CFC,6.3.1.2.01.01.002,AUXÍLIO CRECHE ,6.3,141869.09,141869.09,0.0,1
2022,CFC,6.3.1.3.01.01.001,MATERIAIS DE EXPEDIENTE,6.3,37895.52,37895.520000000004,7.275957614183426e-12,1
2022,CFC,6.3.1.3.01.01.002,"IMPRESSOS, FORMULÁRIOS E PAPÉIS",6.3,10.0,10.0,0.0,1
2022,CFC,6.3.1.3.01.01.004,CARTEIRAS DE IDENTIFICAÇÃO PROFISSIONAL,6.3,190286.64,190286.64,0.0,1
2022,CFC,6.3.1.3.01.01.005,"BANDEIRAS, FLÂMULAS E PLACAS",6.3,280.0,280.0,0.0,1
2022,CFC,6.3.1.3.01.01.006,"MATERIAL PARA AUDIO, VÍDEO E FOTO",6.3,0.0,0.0,0.0,1
2022,CFC,6.3.1.3.01.01.007,MATERIAL PARA DIVULGAÇÃO,6.3,0.0,0.0,0.0,1
2022,CFC,6.3.1.3.01.01.008,MATERIAIS DE INFORMÁTICA,6.3,3543.25,3543.25,0.0,1
2022,CFC,6.3.1.3.01.01.010,MATERIAIS ELÉTRICOS E DE TELEFONIA,6.3,2626.13,2626.13,0.0,1
2022,CFC,6.3.1.3.01.01.011,MATERIAIS PARA MANUT. DE BENS MÓVEIS,6.3,696.0,696.0,0.0,1
2022,CFC,6.3.1.3.01.01.012,MATERIAIS PARA MANUT. DE BENS IMÓVEIS,6.3,724.83,724.8299999999999,-1.1368683772161603e-13,1
2022,CFC,6.3.1.3.01.01.013,MATERIAL DE COPA E COZINHA,6.3,16704.81,16704.81,0.0,1
2022,CFC,6.3.1.3.01.01.014,"UNIFORMES, TECIDOS E AVIAMENTOS",6.3,0.0,0.0,0.0,1
2022,CFC,6.3.1.3.01.01.015,GÊNEROS DE ALIMENTAÇÃO,6.3,23697.29,23697.29,0.0,1
2022,CFC,6.3.1.3.01.01.016,"MAT. DE HIGIENE, LIMPEZA E CONSERVAÇÃO",6.3,278.88,278.88,0.0,1
2022,CFC,6.3.1.3.01.01.017,BENS MÓVEIS NÃO ATIVAVEIS,6.3,1516.97,1516.97,0.0,1
2022,CFC,6.3.1.3.01.01.018,MATERIAIS DE DISTRIBUIÇÃO GRATUITA,6.3,0.0,0.0,0.0,1
2022,CFC,6.3.1.3.01.01.019,"PRÊMIOS, DIPLOMAS E MEDALHAS",6.3,0.0,0.0,0.0,1
2022,CFC,6.3.1.3.01.01.020,GÁS E OUTROS MATERIAIS ENGARRAFADOS,6.3,0.0,0.0,0.0,1
2022,CFC,6.3.1.3.01.02.001,COMBUSTÍVEIS E LUBRIFICANTES,6.3,22638.49,22638.49,0.0,1
2022,CFC,6.3.1.3.01.02.002,PEÇAS E ACESSÓRIOS,6.3,1628.2,1628.2,0.0,1
2022,CFC,6.3.1.3.01.09.001,OUTROS MATERIAIS DE CONSUMO,6.3,3160.33,3160.33,0.0,1
2022,CFC,6.3.1.3.02.01.001,SERVIÇO DE AUDITORIA E PERÍCIA,6.3,32621.1,32621.1,0.0,1
2022,CFC,6.3.1.3.02.01.002,SERVIÇO DE ASSESSORIA E CONSULTORIA,6.3,422339.74,422339.74,0.0,1
2022,CFC,6.3.1.3.02.01.003,SERVIÇOS ADVOCATÍCIOS,6.3,255372.32,255372.32,0.0,1
2022,CFC,6.3.1.3.02.01.004,SERVIÇOS DE INSTRUTORES,6.3,0.0,0.0,0.0,1
2022,CFC,6.3.1.3.02.01.005,SERVIÇOS DE TECNOLOGIA DA INFORMAÇÃO,6.3,1593661.78,1593661.78,0.0,1
2022,CFC,6.3.1.3.02.01.006,SERVIÇOS DE TRANSPORTE,6.3,0.0,0.0,0.0,1
2022,CFC,6.3.1.3.02.01.007,SERVIÇOS DE COPA E COZINHA ,6.3,62540.22,62540.22,0.0,1
2022,CFC,6.3.1.3.02.01.008,"SERV.DE LIMPEZA, CONSERV. E JARDINAGEM",6.3,525756.66,525756.66,0.0,1
2022,CFC,6.3.1.3.02.01.009,SERV. DE SEGURANÇA PREDIAL E PREVENTIVA,6.3,1505748.51,1505748.51,0.0,1
2022,CFC,6.3.1.3.02.01.010,SERVIÇOS DE MEDICINA DO TRABALHO,6.3,30138.0,30138.0,0.0,1
2022,CFC,6.3.1.3.02.01.011,"SELEÇÃO, TREINAMENTO E ORG/APLICAÇÃO DE EXAMES",6.3,4341178.88,4341178.88,0.0,1
2022,CFC,6.3.1.3.02.01.012,SERVIÇOS DE INTERMEDIAÇÃO DE ESTAGIOS/APRENDIZES,6.3,27949.68,27949.68,0.0,1
2022,CFC,6.3.1.3.02.01.013,ESTAGIOS,6.3,826763.9,826763.9,0.0,1
2022,CFC,6.3.1.3.02.01.016,SERVIÇOS DE TRADUÇÃO,6.3,3580.87,3580.87,0.0,1
2022,CFC,6.3.1.3.02.01.017,SERVIÇOS FOTOGRÁFICOS E VÍDEOS,6.3,58010.03,58010.03,0.0,1
2022,CFC,6.3.1.3.02.01.018,SERVIÇO DE DIVULGAÇÃO INSTITUCIONAL,6.3,1505322.02,1505322.02,0.0,1
2022,CFC,6.3.1.3.02.01.020,SERVIÇOS DE REPRESENTAÇÕES,6.3,2670824.5,2670824.5,0.0,1
2022,CFC,6.3.1.3.02.01.021,SERVIÇOS DE APOIO ADMINISTRATIVO E OPERACIONAL,6.3,162468.41,162468.41,0.0,1
2022,CFC,6.3.1.3.02.01.022,DEMAIS SERVIÇOS PROFISSIONAIS,6.3,51645.0,51645.0,0.0,1
2022,CFC,6.3.1.3.02.01.023,SEGUROS DE BENS MÓVEIS,6.3,3693.33,3693.33,0.0,1
2022,CFC,6.3.1.3.02.01.024,SEGUROS DE BENS IMÓVEIS,6.3,3242.12,3242.12,0.0,1
2022,CFC,6.3.1.3.02.01.025,SEGUROS DE VIAGENS,6.3,0.0,0.0,0.0,1
2022,CFC,6.3.1.3.02.01.026,"LOC. DE BENS MÓVEIS, MÁQUINAS E EQUIP.",6.3,385847.4,385847.39999999997,-5.820766091346741e-11,1
2022,CFC,6.3.1.3.02.01.027,LOCAÇÃO DE BENS IMÓVEIS,6.3,22422.35,22422.35,0.0,1
2022,CFC,6.3.1.3.02.01.028,CONDOMÍNIOS,6.3,1895.75,1895.7499999999998,-2.2737367544323206e-13,1
2022,CFC,6.3.1.3.02.01.029,MANUTENÇÃO E CONSERVAÇÃO BENS MÓVEIS ,6.3,25282.97,25282.97,0.0,1
2022,CFC,6.3.1.3.02.01.030,MANUTENÇÃO E CONSERV. DOS BENS IMÓVEIS,6.3,585660.68,585660.68,0.0,1
2022,CFC,6.3.1.3.02.01.031,MANUTENÇÃO E CONSERVAÇÃO DE VEÍCULOS,6.3,5848.0,5848.0,0.0,1
2022,CFC,6.3.1.3.02.01.032,SERVIÇOS DE ENERGIA ELÉTRICA,6.3,519500.35,519500.35000000003,5.820766091346741e-11,1
2022,CFC,6.3.1.3.02.01.033,SERVIÇOS DE ÁGUA E ESGOTO,6.3,85831.18,85831.18,0.0,1
2022,CFC,6.3.1.3.02.01.035,POST.DE CORRESPONDÊNCIA INSTITUCIONAL,6.3,43551.62,43551.62,0.0,1
2022,CFC,6.3.1.3.02.01.036,SERVIÇOS DE TELECOMUNICAÇÕES,6.3,44561.55,44561.55,0.0,1
2022,CFC,6.3.1.3.02.01.037,SERVIÇOS DE INTERNET,6.3,45984.62,45984.619999999995,-7.275957614183426e-12,1
2022,CFC,6.3.1.3.02.01.039,ASSINATURAS,6.3,25478.56,25478.56,0.0,1
2022,CFC,6.3.1.3.02.01.040,PUBLICAÇÕES TÉCNICAS,6.3,325112.17,325112.17,0.0,1
2022,CFC,6.3.1.3.02.01.044,IMPRESSOS GRÁFICOS,6.3,15408.82,15408.82,0.0,1
2022,CFC,6.3.1.3.02.01.045,CÓPIAS E MICROFILMAGEM DE DOCUMENTOS,6.3,26994.57,26994.57,0.0,1
2022,CFC,6.3.1.3.02.01.046,ENCADERNAÇÃO DE DOCUMENTOS,6.3,0.0,0.0,0.0,1
2022,CFC,6.3.1.3.02.01.047,INSCRIÇÕES,6.3,80511.81,80511.81,0.0,1
2022,CFC,6.3.1.3.02.01.048,SERVIÇOS DECORRENTES DE CONTRATOS DE TERCEIRIZAÇÃO,6.3,1662012.57,1662012.57,0.0,1
2022,CFC,6.3.1.3.02.03.001,FUNCIONÁRIOS - DIÁRIAS,6.3,580784.44,580784.44,0.0,1
2022,CFC,6.3.1.3.02.03.002,CONSELHEIROS - DIÁRIAS,6.3,2674626.98,2674626.98,0.0,1
2022,CFC,6.3.1.3.02.03.003,COLABORADORES - DIÁRIAS,6.3,1434279.0,1434279.0,0.0,1
2022,CFC,6.3.1.3.02.04.001,FUNCIONÁRIOS - PASSAGENS,6.3,671337.98,671337.98,0.0,1
2022,CFC,6.3.1.3.02.04.002,CONSELHEIROS - PASSAGENS,6.3,2438312.73,2438312.73,0.0,1
2022,CFC,6.3.1.3.02.04.003,COLABORADORES - PASSAGENS,6.3,1681675.47,1681675.47,0.0,1
2022,CFC,6.3.1.3.02.06.001,AUXÍLIO DESLOCAMENTO,6.3,44151.71,44151.71,0.0,1
2022,CFC,6.3.1.3.02.06.002,DESPESA COM EXCESSO DE BAGAGEM,6.3,518.0,518.0,0.0,1
2022,CFC,6.3.1.3.02.06.003,PEDÁGIOS,6.3,0.0,0.0,0.0,1
2022,CFC,6.3.1.3.02.06.004,ESTACIONAMENTO,6.3,0.0,0.0,0.0,1
2022,CFC,6.3.1.3.02.06.005,FRETES E TRANSPORTES DE ENCOMENDAS,6.3,0.0,0.0,0.0,1
2022,CFC,6.3.1.4.01.02.001,TAXA SOBRE SERVIÇOS BANCÁRIOS,6.3,18125.58,18125.58,0.0,1
2022,CFC,6.3.1.4.01.02.002,DESPESAS COM COBRANÇA,6.3,237635.31,237635.31,0.0,1
2022,CFC,6.3.1.5.01.01.001,SUBVENÇÕES,6.3,6424435.4,6424435.4,0.0,1
2022,CFC,6.3.1.6.01.01.001,INSS SOBRE SERVIÇOS PRESTADOS,6.3,0.0,0.0,0.0,1
2022,CFC,6.3.1.6.01.01.002,IMPOSTOS E TAXAS,6.3,532152.23,532152.23,0.0,1
2022,CFC,6.3.1.6.01.01.003,DESPESAS JUDICIAIS,6.3,4776.9,4776.900000000001,9.094947017729282e-13,1
2022,CFC,6.3.1.9.01.01.001,SENTENÇAS JUDICIAIS,6.3,7251.33,7251.33,0.0,1
2022,CFC,6.3.1.9.01.01.002,"INDENIZAÇÕES, RESTITUIÇÕES E REPOSIÇÕES",6.3,16055.5,16055.499999999996,-3.637978807091713e-12,1
2022,CFC,6.3.1.9.01.01.003,DESPESAS DE EXERCÍCIOS ANTERIORES,6.3,1218081.53,1218081.53,0.0,1
2022,CFC,6.3.1.9.01.01.006,REEMBOLSO DE DESPESA COM COBRANÇA,6.3,521756.5,521756.5,0.0,1
2022,CFC,6.3.2.1.03.01.001,MÓVEIS E UTENSÍLIOS DE ESCRITÓRIOS,6.3,211260.0,211260.0,0.0,1
2022,CFC,6.3.2.1.03.01.002,MÁQUINAS E EQUIPAMENTOS,6.3,462787.43,462787.43,0.0,1
2022,CFC,6.3.2.1.03.01.004,UTENSÍLIOS DE COPA E COZINHA,6.3,0.0,0.0,0.0,1
2022,CFC,6.3.2.1.03.01.006,EQUIPAMENTOS DE PROCESSAMENTO DE DADOS,6.3,38670.0,38670.0,0.0,1
2022,CFC,6.3.2.1.03.01.008,BIBLIOTECA,6.3,1901.7,1901.7,0.0,1
2022,CFC,6.3.2.1.05.01.002,SOFTWARES,6.3,455779.39,455779.39,0.0,1
2022,CFC,6.3.2.4.01.01.001,AUXÍLIOS,6.3,3658461.37,3658461.37,0.0,1
2023,CFC,6.2.1.1.02.01.001,CRC-AC,6.2,140641.93,140641.93,0.0,1
2023,CFC,6.2.1.1.02.01.002,CRC-AL,6.2,522999.0,522999.00000000006,5.820766091346741e-11,1
2023,CFC,6.2.1.1.02.01.003,CRC-AM,6.2,824859.88,824859.88,0.0,1
2023,CFC,6.2.1.1.02.01.004,CRC-AP,6.2,155687.12,155687.12,0.0,1
2023,CFC,6.2.1.1.02.01.005,CRC-BA,6.2,2077236.81,2077236.81,0.0,1
2023,CFC,6.2.1.1.02.01.006,CRC-CE,6.2,1389155.4,1389155.4,0.0,1
2023,CFC,6.2.1.1.02.01.007,CRC-DF,6.2,1625461.35,1625461.35,0.0,1
2023,CFC,6.2.1.1.02.01.008,CRC-ES,6.2,1388592.94,1388592.9400000002,2.3283064365386963e-10,1
2023,CFC,6.2.1.1.02.01.009,CRC-GO,6.2,1835676.35,1835676.35,0.0,1
2023,CFC,6.2.1.1.02.01.010,CRC-MA,6.2,785661.05,785661.0499999999,-1.1641532182693481e-10,1
2023,CFC,6.2.1.1.02.01.011,CRC-MG,6.2,6531547.68,6531547.68,0.0,1
2023,CFC,6.2.1.1.02.01.012,CRC-MS,6.2,926447.22,926447.2200000001,1.1641532182693481e-10,1
2023,CFC,6.2.1.1.02.01.013,CRC-MT,6.2,1377174.81,1377174.81,0.0,1
2023,CFC,6.2.1.1.02.01.014,CRC-PA,6.2,1203699.79,1203699.7899999998,-2.3283064365386963e-10,1
2023,CFC,6.2.1.1.02.01.015,CRC-PB,6.2,723117.26,723117.26,0.0,1
2023,CFC,6.2.1.1.02.01.016,CRC-PE,6.2,1555131.69,1555131.69,0.0,1
2023,CFC,6.2.1.1.02.01.017,CRC-PI,6.2,593225.91,593225.91,0.0,1
2023,CFC,6.2.1.1.02.01.018,CRC-PR,6.2,4085664.61,4085664.61,0.0,1
2023,CFC,6.2.1.1.02.01.019,CRC-RJ,6.2,5788887.65,5788887.65,0.0,1
2023,CFC,6.2.1.1.02.01.020,CRC-RN,6.2,820258.6,820258.6,0.0,1
2023,CFC,6.2.1.1.02.01.021,CRC-RO,6.2,540029.09,540029.09,0.0,1
2023,CFC,6.2.1.1.02.01.022,CRC-RR,6.2,165347.19,165347.18999999997,-2.9103830456733704e-11,1
2023,CFC,6.2.1.1.02.01.023,CRC-RS,6.2,3807637.16,3807637.16,0.0,1
2023,CFC,6.2.1.1.02.01.024,CRC-SC,6.2,2810921.86,2810921.8600000003,4.656612873077393e-10,1
2023,CFC,6.2.1.1.02.01.025,CRC-SE,6.2,444568.36,444568.36,0.0,1
2023,CFC,6.2.1.1.02.01.026,CRC-SP,6.2,17132898.6,17132898.6,0.0,1
2023,CFC,6.2.1.1.02.01.027,CRC-TO,6.2,486422.96,486422.95999999996,-5.820766091346741e-11,1
2023,CFC,6.2.1.2.02.02.001,PROFISSIONAIS,6.2,502437.0,502437.0,0.0,1
2023,CFC,6.2.1.2.02.05.001,EXAME DE SUFICIÊNCIA,6.2,6299160.0,6299160.0,0.0,1
2023,CFC,6.2.1.2.02.06.001,EXAME DE QUALIFICAÇÃO TÉCNICA (CNAI),6.2,1182340.0,1182340.0,0.0,1
2023,CFC,6.2.1.2.02.09.013,RECUPERAÇÃO DE OUTRAS DESPESAS OPERAC.,6.2,21595.54,21595.54,0.0,1
2023,CFC,6.2.1.2.02.09.099,DEMAIS RECEITAS DIVERSAS,6.2,47076.89,47076.89,0.0,1
2023,CFC,6.2.1.3.01.01.001,JUROS SOBRE EMPRÉSTIMOS,6.2,478151.74,478151.74000000005,5.820766091346741e-11,1
2023,CFC,6.2.1.3.05.01.004,FUNDOS DE INVESTIMENTOS,6.2,18341669.82,18341669.82,0.0,1
2023,CFC,6.2.1.9.02.01.001,INDENIZAÇÕES,6.2,17001.58,17001.58,0.0,1
2023,CFC,6.2.1.9.02.01.002,RESTITUIÇÕES,6.2,137957.46,137957.46,0.0,1
2023,CFC,6.2.2.4.01.02.005,CRC - BA,6.2,0.0,0.0,0.0,1
2023,CFC,6.2.2.4.01.02.008,CRC - ES,6.2,195000.0,195000.0,0.0,1
2023,CFC,6.2.2.4.01.02.010,CRC - MA,6.2,0.0,0.0,0.0,1
2023,CFC,6.2.2.4.01.02.016,CRC -PE,6.2,525236.75,525236.75,0.0,1
2023,CFC,6.2.2.4.01.02.017,CRC - PI,6.2,0.0,0.0,0.0,1
2023,CFC,6.2.2.4.01.02.021,CRC - RO,6.2,68051.3,68051.3,0.0,1
2023,CFC,6.2.2.4.01.02.023,CRC - RS,6.2,565000.0,565000.0,0.0,1
2023,CFC,6.2.2.4.01.02.027,CRC - TO,6.2,69473.78,69473.78,0.0,1
2023,CFC,6.2.2.9.01.01.002,RESTITUIÇÕES,6.2,4751.86,4751.86,0.0,1
2023,CFC,6.2.3.1.01.01.001,SUPERÁVIT FINANCEIRO,6.2,0.0,0.0,0.0,1
2023,CFC,6.3.1.1.01.01.001,SALÁRIOS,6.3,14071082.54,14071082.54,0.0,1
2023,CFC,6.3.1.1.01.01.003,GRATIFICAÇÃO POR EXERCÍCIO DE CARGOS,6.3,3091663.36,3091663.36,0.0,1
2023,CFC,6.3.1.1.01.01.004,GRATIFICAÇÃO DE NATAL - 13º SALÁRIO,6.3,1580411.85,1580411.85,0.0,1
2023,CFC,6.3.1.1.01.01.005,FÉRIAS  ,6.3,1974926.76,1974926.76,0.0,1
2023,CFC,6.3.1.1.01.01.006,ABONO PECUNIÁRIO DE FÉRIAS,6.3,284591.55,284591.55,0.0,1
2023,CFC,6.3.1.1.01.01.007,HORAS EXTRAS,6.3,21678.12,21678.12,0.0,1
2023,CFC,6.3.1.1.01.01.008,SUBSTITUIÇÕES,6.3,102709.37,102709.37000000001,1.4551915228366852e-11,1
2023,CFC,6.3.1.1.01.01.009,ADICIONAL NOTURNO,6.3,0.0,0.0,0.0,1
2023,CFC,6.3.1.1.01.01.010,INDENIZAÇÕES TRABALHISTAS,6.3,416497.13,416497.13,0.0,1
2023,CFC,6.3.1.1.01.02.001,INSS ENTIDADE,6.3,4849553.76,4849553.76,0.0,1
2023,CFC,6.3.1.1.01.02.002,FGTS,6.3,1664012.72,1664012.7200000002,2.3283064365386963e-10,1
2023,CFC,6.3.1.1.01.02.003,PIS SOBRE FOLHA DE PAGAMENTO,6.3,213432.76,213432.76,0.0,1
2023,CFC,6.3.1.1.01.03.001,VALE TRANSPORTE,6.3,8390.19,8390.19,0.0,1
2023,CFC,6.3.1.1.01.03.002,PROGRAMA DE ALIMENT. AO TRABALHADOR-PAT,6.3,1735456.0,1735456.0,0.0,1
2023,CFC,6.3.1.1.01.03.003,PLANO DE SAÚDE,6.3,1516438.47,1516438.47,0.0,1
2023,CFC,6.3.1.1.01.03.004,PLANO ODONTOLÓGICO,6.3,24972.91,24972.91,0.0,1
2023,CFC,6.3.1.2.01.01.001,AUXÍLIO EDUCAÇÃO,6.3,37826.08,37826.08,0.0,1
2023,CFC,6.3.1.2.01.01.002,AUXÍLIO CRECHE ,6.3,128206.74,128206.74,0.0,1
2023,CFC,6.3.1.3.01.01.001,MATERIAIS DE EXPEDIENTE,6.3,1172.16,1172.16,0.0,1
2023,CFC,6.3.1.3.01.01.002,"IMPRESSOS, FORMULÁRIOS E PAPÉIS",6.3,390.0,390.0,0.0,1
2023,CFC,6.3.1.3.01.01.004,CARTEIRAS DE IDENTIFICAÇÃO PROFISSIONAL,6.3,151822.96,151822.96,0.0,1
2023,CFC,6.3.1.3.01.01.005,"BANDEIRAS, FLÂMULAS E PLACAS",6.3,418.6,418.6,0.0,1
2023,CFC,6.3.1.3.01.01.006,"MATERIAL PARA AUDIO, VÍDEO E FOTO",6.3,359.7,359.7,0.0,1
2023,CFC,6.3.1.3.01.01.008,MATERIAIS DE INFORMÁTICA,6.3,49092.48,49092.48,0.0,1
2023,CFC,6.3.1.3.01.01.010,MATERIAIS ELÉTRICOS E DE TELEFONIA,6.3,8210.41,8210.41,0.0,1
2023,CFC,6.3.1.3.01.01.011,MATERIAIS PARA MANUT. DE BENS MÓVEIS,6.3,1070.88,1070.88,0.0,1
2023,CFC,6.3.1.3.01.01.012,MATERIAIS PARA MANUT. DE BENS IMÓVEIS,6.3,4119.44,4119.4400000000005,9.094947017729282e-13,1
2023,CFC,6.3.1.3.01.01.013,MATERIAL DE COPA E COZINHA,6.3,487.54,487.53999999999996,-5.684341886080802e-14,1
2023,CFC,6.3.1.3.01.01.014,"UNIFORMES, TECIDOS E AVIAMENTOS",6.3,0.0,0.0,0.0,1
2023,CFC,6.3.1.3.01.01.015,GÊNEROS DE ALIMENTAÇÃO,6.3,35249.19,35249.19,0.0,1
2023,CFC,6.3.1.3.01.01.016,"MAT. DE HIGIENE, LIMPEZA E CONSERVAÇÃO",6.3,0.0,0.0,0.0,1
2023,CFC,6.3.1.3.01.01.017,BENS MÓVEIS NÃO ATIVAVEIS,6.3,1907.56,1907.56,0.0,1
2023,CFC,6.3.1.3.01.01.019,"PRÊMIOS, DIPLOMAS E MEDALHAS",6.3,0.0,0.0,0.0,1
2023,CFC,6.3.1.3.01.01.020,GÁS E OUTROS MATERIAIS ENGARRAFADOS,6.3,0.0,0.0,0.0,1
2023,CFC,6.3.1.3.01.02.001,COMBUSTÍVEIS E LUBRIFICANTES,6.3,13782.62,13782.62,0.0,1
2023,CFC,6.3.1.3.01.02.002,PEÇAS E ACESSÓRIOS,6.3,4923.0,4923.0,0.0,1
2023,CFC,6.3.1.3.01.09.001,OUTROS MATERIAIS DE CONSUMO,6.3,1934.13,1934.13,0.0,1
2023,CFC,6.3.1.3.02.01.001,SERVIÇO DE AUDITORIA E PERÍCIA,6.3,41381.1,41381.1,0.0,1
2023,CFC,6.3.1.3.02.01.002,SERVIÇO DE ASSESSORIA E CONSULTORIA,6.3,396516.0,396516.0,0.0,1
2023,CFC,6.3.1.3.02.01.003,SERVIÇOS ADVOCATÍCIOS,6.3,73931.8,73931.79999999999,-1.4551915228366852e-11,1
2023,CFC,6.3.1.3.02.01.004,SERVIÇOS DE INSTRUTORES,6.3,0.0,0.0,0.0,1
2023,CFC,6.3.1.3.02.01.005,SERVIÇOS DE TECNOLOGIA DA INFORMAÇÃO,6.3,5105480.32,5105480.32,0.0,1
2023,CFC,6.3.1.3.02.01.007,SERVIÇOS DE COPA E COZINHA ,6.3,75808.61,75808.61,0.0,1
2023,CFC,6.3.1.3.02.01.008,"SERV.DE LIMPEZA, CONSERV. E JARDINAGEM",6.3,565235.48,565235.48,0.0,1
2023,CFC,6.3.1.3.02.01.009,SERV. DE SEGURANÇA PREDIAL E PREVENTIVA,6.3,1493008.28,1493008.2799999998,-2.3283064365386963e-10,1
2023,CFC,6.3.1.3.02.01.010,SERVIÇOS DE MEDICINA DO TRABALHO,6.3,11573.0,11573.0,0.0,1
2023,CFC,6.3.1.3.02.01.011,"SELEÇÃO, TREINAMENTO E ORG/APLICAÇÃO DE EXAMES",6.3,5120311.74,5120311.74,0.0,1
2023,CFC,6.3.1.3.02.01.012,SERVIÇOS DE INTERMEDIAÇÃO DE ESTAGIOS/APRENDIZES,6.3,34498.01,34498.009999999995,-7.275957614183426e-12,1
2023,CFC,6.3.1.3.02.01.013,ESTAGIOS,6.3,1152280.41,1152280.4100000001,2.3283064365386963e-10,1
2023,CFC,6.3.1.3.02.01.016,SERVIÇOS DE TRADUÇÃO,6.3,19674.0,19674.0,0.0,1
2023,CFC,6.3.1.3.02.01.017,SERVIÇOS FOTOGRÁFICOS E VÍDEOS,6.3,90595.0,90595.0,0.0,1
2023,CFC,6.3.1.3.02.01.018,SERVIÇO DE DIVULGAÇÃO INSTITUCIONAL,6.3,2781579.27,2781579.27,0.0,1
2023,CFC,6.3.1.3.02.01.019,SERVIÇO DE PRODUÇÕES JORNALÍSTICAS,6.3,0.0,0.0,0.0,1
2023,CFC,6.3.1.3.02.01.020,SERVIÇOS DE REPRESENTAÇÕES,6.3,2740612.0,2740612.0,0.0,1
2023,CFC,6.3.1.3.02.01.021,SERVIÇOS DE APOIO ADMINISTRATIVO E OPERACIONAL,6.3,175929.12,175929.12,0.0,1
2023,CFC,6.3.1.3.02.01.022,DEMAIS SERVIÇOS PROFISSIONAIS,6.3,34000.0,34000.0,0.0,1
2023,CFC,6.3.1.3.02.01.023,SEGUROS DE BENS MÓVEIS,6.3,3689.81,3689.81,0.0,1
2023,CFC,6.3.1.3.02.01.024,SEGUROS DE BENS IMÓVEIS,6.3,3209.76,3209.76,0.0,1
2023,CFC,6.3.1.3.02.01.026,"LOC. DE BENS MÓVEIS, MÁQUINAS E EQUIP.",6.3,956668.71,956668.71,0.0,1
2023,CFC,6.3.1.3.02.01.027,LOCAÇÃO DE BENS IMÓVEIS,6.3,480509.0,480509.0,0.0,1
2023,CFC,6.3.1.3.02.01.028,CONDOMÍNIOS,6.3,3565.96,3565.96,0.0,1
2023,CFC,6.3.1.3.02.01.029,MANUTENÇÃO E CONSERVAÇÃO BENS MÓVEIS ,6.3,29184.12,29184.12,0.0,1
2023,CFC,6.3.1.3.02.01.030,MANUTENÇÃO E CONSERV. DOS BENS IMÓVEIS,6.3,199836.74,199836.74,0.0,1
2023,CFC,6.3.1.3.02.01.031,MANUTENÇÃO E CONSERVAÇÃO DE VEÍCULOS,6.3,5735.13,5735.13,0.0,1
2023,CFC,6.3.1.3.02.01.032,SERVIÇOS DE ENERGIA ELÉTRICA,6.3,580971.04,580971.04,0.0,1
2023,CFC,6.3.1.3.02.01.033,SERVIÇOS DE ÁGUA E ESGOTO,6.3,109555.48,109555.48,0.0,1
2023,CFC,6.3.1.3.02.01.035,POST.DE CORRESPONDÊNCIA INSTITUCIONAL,6.3,84761.99,84761.99,0.0,1
2023,CFC,6.3.1.3.02.01.036,SERVIÇOS DE TELECOMUNICAÇÕES,6.3,42969.69,42969.69,0.0,1
2023,CFC,6.3.1.3.02.01.037,SERVIÇOS DE INTERNET,6.3,53574.86,53574.86,0.0,1
2023,CFC,6.3.1.3.02.01.039,ASSINATURAS,6.3,47317.44,47317.439999999995,-7.275957614183426e-12,1
2023,CFC,6.3.1.3.02.01.040,PUBLICAÇÕES TÉCNICAS,6.3,292173.3,292173.3,0.0,1
2023,CFC,6.3.1.3.02.01.044,IMPRESSOS GRÁFICOS,6.3,5227.45,5227.45,0.0,1
2023,CFC,6.3.1.3.02.01.045,CÓPIAS E MICROFILMAGEM DE DOCUMENTOS,6.3,32493.4,32493.4,0.0,1
2023,CFC,6.3.1.3.02.01.046,ENCADERNAÇÃO DE DOCUMENTOS,6.3,720.0,720.0,0.0,1
2023,CFC,6.3.1.3.02.01.047,INSCRIÇÕES,6.3,544176.95,544176.95,0.0,1
2023,CFC,6.3.1.3.02.01.048,SERVIÇOS DECORRENTES DE CONTRATOS DE TERCEIRIZAÇÃO,6.3,2697787.49,2697787.4899999998,-4.656612873077393e-10,1
2023,CFC,6.3.1.3.02.03.001,FUNCIONÁRIOS - DIÁRIAS,6.3,1489623.14,1489623.1400000001,2.3283064365386963e-10,1
2023,CFC,6.3.1.3.02.03.002,CONSELHEIROS - DIÁRIAS,6.3,3371737.74,3371737.74,0.0,1
2023,CFC,6.3.1.3.02.03.003,COLABORADORES - DIÁRIAS,6.3,2248734.16,2248734.16,0.0,1
2023,CFC,6.3.1.3.02.04.001,FUNCIONÁRIOS - PASSAGENS,6.3,1344368.19,1344368.19,0.0,1
2023,CFC,6.3.1.3.02.04.002,CONSELHEIROS - PASSAGENS,6.3,2643635.42,2643635.42,0.0,1
2023,CFC,6.3.1.3.02.04.003,COLABORADORES - PASSAGENS,6.3,2534607.13,2534607.13,0.0,1
2023,CFC,6.3.1.3.02.06.001,AUXÍLIO DESLOCAMENTO,6.3,34225.03,34225.03,0.0,1
2023,CFC,6.3.1.3.02.06.002,DESPESA COM EXCESSO DE BAGAGEM,6.3,160.0,160.0,0.0,1
2023,CFC,6.3.1.3.02.06.003,PEDÁGIOS,6.3,24.0,24.0,0.0,1
2023,CFC,6.3.1.3.02.06.005,FRETES E TRANSPORTES DE ENCOMENDAS,6.3,0.0,0.0,0.0,1
2023,CFC,6.3.1.4.01.02.001,TAXA SOBRE SERVIÇOS BANCÁRIOS,6.3,24450.39,24450.39,0.0,1
2023,CFC,6.3.1.4.01.02.002,DESPESAS COM COBRANÇA,6.3,225756.0,225756.0,0.0,1
2023,CFC,6.3.1.5.01.01.001,SUBVENÇÕES,6.3,3819203.63,3819203.63,0.0,1
2023,CFC,6.3.1.6.01.01.002,IMPOSTOS E TAXAS,6.3,568958.24,568958.24,0.0,1
2023,CFC,6.3.1.6.01.01.003,DESPESAS JUDICIAIS,6.3,5129.0,5129.0,0.0,1
2023,CFC,6.3.1.9.01.01.001,SENTENÇAS JUDICIAIS,6.3,22.89,22.89,0.0,1
2023,CFC,6.3.1.9.01.01.002,"INDENIZAÇÕES, RESTITUIÇÕES E REPOSIÇÕES",6.3,14640.99,14640.99,0.0,1
2023,CFC,6.3.1.9.01.01.003,DESPESAS DE EXERCÍCIOS ANTERIORES,6.3,248115.52,248115.52,0.0,1
2023,CFC,6.3.1.9.01.01.006,REEMBOLSO DE DESPESA COM COBRANÇA,6.3,543096.72,543096.72,0.0,1
2023,CFC,6.3.2.1.01.01.002,REFORMAS,6.3,1408400.52,1408400.52,0.0,1
2023,CFC,6.3.2.1.03.01.001,MÓVEIS E UTENSÍLIOS DE ESCRITÓRIOS,6.3,3527.0,3527.0,0.0,1
2023,CFC,6.3.2.1.03.01.002,MÁQUINAS E EQUIPAMENTOS,6.3,412666.35,412666.35,0.0,1
2023,CFC,6.3.2.1.03.01.003,INSTALAÇÕES,6.3,0.0,0.0,0.0,1
2023,CFC,6.3.2.1.03.01.006,EQUIPAMENTOS DE PROCESSAMENTO DE DADOS,6.3,397349.02,397349.02,0.0,1
2023,CFC,6.3.2.1.03.01.008,BIBLIOTECA,6.3,16888.32,16888.32,0.0,1
2023,CFC,6.3.2.1.04.01.003,TERRENOS,6.3,4450000.0,4450000.0,0.0,1
2023,CFC,6.3.2.1.05.01.002,SOFTWARES,6.3,1020302.78,1020302.78,0.0,1
2023,CFC,6.3.2.4.01.01.001,AUXÍLIOS,6.3,2580575.52,2580575.52,0.0,1
2024,CFC,6.2.1.1.02.01.001,CRC-AC,6.2,200069.24,200069.24,0.0,1
2024,CFC,6.2.1.1.02.01.002,CRC-AL,6.2,550571.69,550571.6900000001,1.1641532182693481e-10,1
2024,CFC,6.2.1.1.02.01.003,CRC-AM,6.2,982529.67,982529.67,0.0,1
2024,CFC,6.2.1.1.02.01.004,CRC-AP,6.2,162135.42,162135.42,0.0,1
2024,CFC,6.2.1.1.02.01.005,CRC-BA,6.2,2157047.34,2157047.34,0.0,1
2024,CFC,6.2.1.1.02.01.006,CRC-CE,6.2,1614388.26,1614388.26,0.0,1
2024,CFC,6.2.1.1.02.01.007,CRC-DF,6.2,1789213.58,1789213.58,0.0,1
2024,CFC,6.2.1.1.02.01.008,CRC-ES,6.2,1390011.83,1390011.8299999998,-2.3283064365386963e-10,1
2024,CFC,6.2.1.1.02.01.009,CRC-GO,6.2,1945688.74,1945688.74,0.0,1
2024,CFC,6.2.1.1.02.01.010,CRC-MA,6.2,827005.44,827005.4400000001,1.1641532182693481e-10,1
2024,CFC,6.2.1.1.02.01.011,CRC-MG,6.2,6780625.4,6780625.4,0.0,1
2024,CFC,6.2.1.1.02.01.012,CRC-MS,6.2,907172.79,907172.79,0.0,1
2024,CFC,6.2.1.1.02.01.013,CRC-MT,6.2,1402993.49,1402993.49,0.0,1
2024,CFC,6.2.1.1.02.01.014,CRC-PA,6.2,1182501.13,1182501.13,0.0,1
2024,CFC,6.2.1.1.02.01.015,CRC-PB,6.2,755633.7,755633.7000000001,1.1641532182693481e-10,1
2024,CFC,6.2.1.1.02.01.016,CRC-PE,6.2,1727965.91,1727965.91,0.0,1
2024,CFC,6.2.1.1.02.01.017,CRC-PI,6.2,620578.47,620578.47,0.0,1
2024,CFC,6.2.1.1.02.01.018,CRC-PR,6.2,4266240.49,4266240.49,0.0,1
2024,CFC,6.2.1.1.02.01.019,CRC-RJ,6.2,5851171.14,5851171.140000001,9.313225746154785e-10,1
2024,CFC,6.2.1.1.02.01.020,CRC-RN,6.2,836045.32,836045.3200000001,1.1641532182693481e-10,1
2024,CFC,6.2.1.1.02.01.021,CRC-RO,6.2,559733.7,559733.7,0.0,1
2024,CFC,6.2.1.1.02.01.022,CRC-RR,6.2,186000.34,186000.34,0.0,1
2024,CFC,6.2.1.1.02.01.023,CRC-RS,6.2,3902036.1,3902036.0999999996,-4.656612873077393e-10,1
2024,CFC,6.2.1.1.02.01.024,CRC-SC,6.2,2868457.23,2868457.23,0.0,1
2024,CFC,6.2.1.1.02.01.025,CRC-SE,6.2,478562.99,478562.99,0.0,1
2024,CFC,6.2.1.1.02.01.026,CRC-SP,6.2,20423114.31,20423114.310000002,3.725290298461914e-09,1
2024,CFC,6.2.1.1.02.01.027,CRC-TO,6.2,534193.78,534193.78,0.0,1
2024,CFC,6.2.1.2.02.02.001,PROFISSIONAIS,6.2,561935.15,561935.15,0.0,1
2024,CFC,6.2.1.2.02.05.001,EXAME DE SUFICIÊNCIA,6.2,9282800.81,9282800.81,0.0,1
2024,CFC,6.2.1.2.02.06.001,EXAME DE QUALIFICAÇÃO TÉCNICA (CNAI),6.2,1228784.0,1228784.0,0.0,1
2024,CFC,6.2.1.2.02.09.013,RECUPERAÇÃO DE OUTRAS DESPESAS OPERAC.,6.2,20182.04,20182.04,0.0,1
2024,CFC,6.2.1.2.02.09.099,DEMAIS RECEITAS DIVERSAS,6.2,18510.23,18510.23,0.0,1
2024,CFC,6.2.1.3.01.01.001,JUROS SOBRE EMPRÉSTIMOS,6.2,637472.47,637472.47,0.0,1
2024,CFC,6.2.1.3.05.01.004,FUNDOS DE INVESTIMENTOS,6.2,15071111.65,15071111.65,0.0,1
2024,CFC,6.2.1.9.02.01.001,INDENIZAÇÕES,6.2,1100.44,1100.4400000000005,4.547473508864641e-13,1
2024,CFC,6.2.1.9.02.01.002,RESTITUIÇÕES,6.2,157968.02,157968.02,0.0,1
2024,CFC,6.2.2.4.01.02.005,CRC - BA,6.2,528800.0,528800.0,0.0,1
2024,CFC,6.2.2.4.01.02.010,CRC - MA,6.2,90565.21,90565.21,0.0,1
2024,CFC,6.2.2.4.01.02.016,CRC -PE,6.2,603720.39,603720.39,0.0,1
2024,CFC,6.2.2.4.01.02.017,CRC - PI,6.2,0.0,0.0,0.0,1
2024,CFC,6.2.2.4.01.02.021,CRC - RO,6.2,68051.3,68051.3,0.0,1
2024,CFC,6.2.2.4.01.02.023,CRC - RS,6.2,585000.0,585000.0,0.0,1
2024,CFC,6.2.3.1.01.01.001,SUPERÁVIT FINANCEIRO,6.2,0.0,0.0,0.0,1
2024,CFC,6.3.1.1.01.01.001,SALÁRIOS,6.3,15156574.69,15156574.69,0.0,1
2024,CFC,6.3.1.1.01.01.003,GRATIFICAÇÃO POR EXERCÍCIO DE CARGOS,6.3,3309677.71,3309677.71,0.0,1
2024,CFC,6.3.1.1.01.01.004,GRATIFICAÇÃO DE NATAL - 13º SALÁRIO,6.3,1676522.24,1676522.24,0.0,1
2024,CFC,6.3.1.1.01.01.005,FÉRIAS  ,6.3,1941356.2,1941356.2000000002,2.3283064365386963e-10,1
2024,CFC,6.3.1.1.01.01.006,ABONO PECUNIÁRIO DE FÉRIAS,6.3,421119.16,421119.16,0.0,1
2024,CFC,6.3.1.1.01.01.007,HORAS EXTRAS,6.3,35613.81,35613.81,0.0,1
2024,CFC,6.3.1.1.01.01.008,SUBSTITUIÇÕES,6.3,139910.44,139910.44,0.0,1
2024,CFC,6.3.1.1.01.01.009,ADICIONAL NOTURNO,6.3,0.0,0.0,0.0,1
2024,CFC,6.3.1.1.01.01.010,INDENIZAÇÕES TRABALHISTAS,6.3,923374.74,923374.74,0.0,1
2024,CFC,6.3.1.1.01.02.001,INSS ENTIDADE,6.3,4729136.58,4729136.58,0.0,1
2024,CFC,6.3.1.1.01.02.002,FGTS,6.3,1776606.28,1776606.28,0.0,1
2024,CFC,6.3.1.1.01.02.003,PIS SOBRE FOLHA DE PAGAMENTO,6.3,223294.89,223294.89,0.0,1
2024,CFC,6.3.1.1.01.03.001,VALE TRANSPORTE,6.3,8121.05,8121.05,0.0,1
2024,CFC,6.3.1.1.01.03.002,PROGRAMA DE ALIMENT. AO TRABALHADOR-PAT,6.3,1960342.72,1960342.72,0.0,1
2024,CFC,6.3.1.1.01.03.003,PLANO DE SAÚDE,6.3,1734290.71,1734290.71,0.0,1
2024,CFC,6.3.1.1.01.03.004,PLANO ODONTOLÓGICO,6.3,33029.42,33029.42,0.0,1
2024,CFC,6.3.1.2.01.01.001,AUXÍLIO EDUCAÇÃO,6.3,57448.32,57448.32,0.0,1
2024,CFC,6.3.1.2.01.01.002,AUXÍLIO CRECHE ,6.3,127422.39,127422.39,0.0,1
2024,CFC,6.3.1.3.01.01.001,MATERIAIS DE EXPEDIENTE,6.3,21353.33,21353.33,0.0,1
2024,CFC,6.3.1.3.01.01.002,"IMPRESSOS, FORMULÁRIOS E PAPÉIS",6.3,200.0,200.0,0.0,1
2024,CFC,6.3.1.3.01.01.004,CARTEIRAS DE IDENTIFICAÇÃO PROFISSIONAL,6.3,131994.72,131994.72,0.0,1
2024,CFC,6.3.1.3.01.01.005,"BANDEIRAS, FLÂMULAS E PLACAS",6.3,1530.0,1530.0,0.0,1
2024,CFC,6.3.1.3.01.01.006,"MATERIAL PARA AUDIO, VÍDEO E FOTO",6.3,160.0,160.0,0.0,1
2024,CFC,6.3.1.3.01.01.007,MATERIAL PARA DIVULGAÇÃO,6.3,0.0,0.0,0.0,1
2024,CFC,6.3.1.3.01.01.008,MATERIAIS DE INFORMÁTICA,6.3,22353.45,22353.45,0.0,1
2024,CFC,6.3.1.3.01.01.009,AQUISIÇÃO DE SOFTWARES DE BASE,6.3,0.0,0.0,0.0,1
2024,CFC,6.3.1.3.01.01.010,MATERIAIS ELÉTRICOS E DE TELEFONIA,6.3,17215.79,17215.79,0.0,1
2024,CFC,6.3.1.3.01.01.011,MATERIAIS PARA MANUT. DE BENS MÓVEIS,6.3,893.5,893.5,0.0,1
2024,CFC,6.3.1.3.01.01.012,MATERIAIS PARA MANUT. DE BENS IMÓVEIS,6.3,22010.18,22010.18,0.0,1
2024,CFC,6.3.1.3.01.01.013,MATERIAL DE COPA E COZINHA,6.3,23909.5,23909.5,0.0,1
2024,CFC,6.3.1.3.01.01.014,"UNIFORMES, TECIDOS E AVIAMENTOS",6.3,0.0,0.0,0.0,1
2024,CFC,6.3.1.3.01.01.015,GÊNEROS DE ALIMENTAÇÃO,6.3,124694.96,124694.95999999999,-1.4551915228366852e-11,1
2024,CFC,6.3.1.3.01.01.016,"MAT. DE HIGIENE, LIMPEZA E CONSERVAÇÃO",6.3,0.0,0.0,0.0,1
2024,CFC,6.3.1.3.01.01.017,BENS MÓVEIS NÃO ATIVAVEIS,6.3,3248.76,3248.76,0.0,1
2024,CFC,6.3.1.3.01.01.018,MATERIAIS DE DISTRIBUIÇÃO GRATUITA,6.3,0.0,0.0,0.0,1
2024,CFC,6.3.1.3.01.01.019,"PRÊMIOS, DIPLOMAS E MEDALHAS",6.3,69000.0,69000.0,0.0,1
2024,CFC,6.3.1.3.01.01.020,GÁS E OUTROS MATERIAIS ENGARRAFADOS,6.3,0.0,0.0,0.0,1
2024,CFC,6.3.1.3.01.02.001,COMBUSTÍVEIS E LUBRIFICANTES,6.3,22283.87,22283.87,0.0,1
2024,CFC,6.3.1.3.01.02.002,PEÇAS E ACESSÓRIOS,6.3,4979.0,4979.0,0.0,1
2024,CFC,6.3.1.3.01.09.001,OUTROS MATERIAIS DE CONSUMO,6.3,1229.65,1229.65,0.0,1
2024,CFC,6.3.1.3.02.01.001,SERVIÇO DE AUDITORIA E PERÍCIA,6.3,5812.5,5812.5,0.0,1
2024,CFC,6.3.1.3.02.01.002,SERVIÇO DE ASSESSORIA E CONSULTORIA,6.3,434490.54,434490.54,0.0,1
2024,CFC,6.3.1.3.02.01.003,SERVIÇOS ADVOCATÍCIOS,6.3,151462.6,151462.6,0.0,1
2024,CFC,6.3.1.3.02.01.004,SERVIÇOS DE INSTRUTORES,6.3,0.0,0.0,0.0,1
2024,CFC,6.3.1.3.02.01.005,SERVIÇOS DE TECNOLOGIA DA INFORMAÇÃO,6.3,11745839.59,11745839.59,0.0,1
2024,CFC,6.3.1.3.02.01.007,SERVIÇOS DE COPA E COZINHA ,6.3,100067.68,100067.68000000001,1.4551915228366852e-11,1
2024,CFC,6.3.1.3.02.01.008,"SERV.DE LIMPEZA, CONSERV. E JARDINAGEM",6.3,587887.08,587887.08,0.0,1
2024,CFC,6.3.1.3.02.01.009,SERV. DE SEGURANÇA PREDIAL E PREVENTIVA,6.3,1717218.37,1717218.3699999999,-2.3283064365386963e-10,1
2024,CFC,6.3.1.3.02.01.010,SERVIÇOS DE MEDICINA DO TRABALHO,6.3,19198.0,19198.0,0.0,1
2024,CFC,6.3.1.3.02.01.011,"SELEÇÃO, TREINAMENTO E ORG/APLICAÇÃO DE EXAMES",6.3,10455082.65,10455082.65,0.0,1
2024,CFC,6.3.1.3.02.01.012,SERVIÇOS DE INTERMEDIAÇÃO DE ESTAGIOS/APRENDIZES,6.3,40263.4,40263.399999999994,-7.275957614183426e-12,1
2024,CFC,6.3.1.3.02.01.013,ESTAGIOS,6.3,1263807.91,1263807.9100000001,2.3283064365386963e-10,1
2024,CFC,6.3.1.3.02.01.016,SERVIÇOS DE TRADUÇÃO,6.3,289999.37,289999.37,0.0,1
2024,CFC,6.3.1.3.02.01.017,SERVIÇOS FOTOGRÁFICOS E VÍDEOS,6.3,137885.98,137885.97999999998,-2.9103830456733704e-11,1
2024,CFC,6.3.1.3.02.01.018,SERVIÇO DE DIVULGAÇÃO INSTITUCIONAL,6.3,3465768.99,3465768.9899999998,-4.656612873077393e-10,1
2024,CFC,6.3.1.3.02.01.020,SERVIÇOS DE REPRESENTAÇÕES,6.3,3085993.13,3085993.13,0.0,1
2024,CFC,6.3.1.3.02.01.021,SERVIÇOS DE APOIO ADMINISTRATIVO E OPERACIONAL,6.3,250612.57,250612.57,0.0,1
2024,CFC,6.3.1.3.02.01.022,DEMAIS SERVIÇOS PROFISSIONAIS,6.3,54061.0,54061.0,0.0,1
2024,CFC,6.3.1.3.02.01.023,SEGUROS DE BENS MÓVEIS,6.3,3689.81,3689.81,0.0,1
2024,CFC,6.3.1.3.02.01.024,SEGUROS DE BENS IMÓVEIS,6.3,3207.71,3207.71,0.0,1
2024,CFC,6.3.1.3.02.01.026,"LOC. DE BENS MÓVEIS, MÁQUINAS E EQUIP.",6.3,2044529.33,2044529.33,0.0,1
2024,CFC,6.3.1.3.02.01.027,LOCAÇÃO DE BENS IMÓVEIS,6.3,1102148.74,1102148.74,0.0,1
2024,CFC,6.3.1.3.02.01.028,CONDOMÍNIOS,6.3,4088.08,4088.08,0.0,1
2024,CFC,6.3.1.3.02.01.029,MANUTENÇÃO E CONSERVAÇÃO BENS MÓVEIS ,6.3,32632.55,32632.55,0.0,1
2024,CFC,6.3.1.3.02.01.030,MANUTENÇÃO E CONSERV. DOS BENS IMÓVEIS,6.3,249527.35,249527.35,0.0,1
2024,CFC,6.3.1.3.02.01.031,MANUTENÇÃO E CONSERVAÇÃO DE VEÍCULOS,6.3,3245.4,3245.4,0.0,1
2024,CFC,6.3.1.3.02.01.032,SERVIÇOS DE ENERGIA ELÉTRICA,6.3,682355.45,682355.4500000001,1.1641532182693481e-10,1
2024,CFC,6.3.1.3.02.01.033,SERVIÇOS DE ÁGUA E ESGOTO,6.3,136432.9,136432.90000000002,2.9103830456733704e-11,1
2024,CFC,6.3.1.3.02.01.035,POST.DE CORRESPONDÊNCIA INSTITUCIONAL,6.3,80185.94,80185.94,0.0,1
2024,CFC,6.3.1.3.02.01.036,SERVIÇOS DE TELECOMUNICAÇÕES,6.3,32358.25,32358.25,0.0,1
2024,CFC,6.3.1.3.02.01.037,SERVIÇOS DE INTERNET,6.3,235066.23,235066.23,0.0,1
2024,CFC,6.3.1.3.02.01.039,ASSINATURAS,6.3,45941.75,45941.75,0.0,1
2024,CFC,6.3.1.3.02.01.040,PUBLICAÇÕES TÉCNICAS,6.3,403069.6,403069.6,0.0,1
2024,CFC,6.3.1.3.02.01.044,IMPRESSOS GRÁFICOS,6.3,0.0,0.0,0.0,1
2024,CFC,6.3.1.3.02.01.045,CÓPIAS E MICROFILMAGEM DE DOCUMENTOS,6.3,29009.05,29009.049999999996,-3.637978807091713e-12,1
2024,CFC,6.3.1.3.02.01.046,ENCADERNAÇÃO DE DOCUMENTOS,6.3,0.0,0.0,0.0,1
2024,CFC,6.3.1.3.02.01.047,INSCRIÇÕES,6.3,993796.89,993796.89,0.0,1
2024,CFC,6.3.1.3.02.01.048,SERVIÇOS DECORRENTES DE CONTRATOS DE TERCEIRIZAÇÃO,6.3,3135410.06,3135410.06,0.0,1
2024,CFC,6.3.1.3.02.03.001,FUNCIONÁRIOS - DIÁRIAS,6.3,1161443.72,1161443.72,0.0,1
2024,CFC,6.3.1.3.02.03.002,CONSELHEIROS - DIÁRIAS,6.3,4203217.49,4203217.49,0.0,1
2024,CFC,6.3.1.3.02.03.003,COLABORADORES - DIÁRIAS,6.3,3705592.86,3705592.86,0.0,1
2024,CFC,6.3.1.3.02.04.001,FUNCIONÁRIOS - PASSAGENS,6.3,970481.97,970481.97,0.0,1
2024,CFC,6.3.1.3.02.04.002,CONSELHEIROS - PASSAGENS,6.3,3241886.27,3241886.27,0.0,1
2024,CFC,6.3.1.3.02.04.003,COLABORADORES - PASSAGENS,6.3,3362669.28,3362669.2800000003,4.656612873077393e-10,1
2024,CFC,6.3.1.3.02.06.001,AUXÍLIO DESLOCAMENTO,6.3,281922.03,281922.02999999997,-5.820766091346741e-11,1
2024,CFC,6.3.1.3.02.06.002,DESPESA COM EXCESSO DE BAGAGEM,6.3,70.0,70.0,0.0,1
2024,CFC,6.3.1.3.02.06.003,PEDÁGIOS,6.3,292.88,292.88,0.0,1
2024,CFC,6.3.1.3.02.06.005,FRETES E TRANSPORTES DE ENCOMENDAS,6.3,0.0,0.0,0.0,1
2024,CFC,6.3.1.4.01.02.001,TAXA SOBRE SERVIÇOS BANCÁRIOS,6.3,36936.87,36936.87,0.0,1
2024,CFC,6.3.1.4.01.02.002,DESPESAS COM COBRANÇA,6.3,202065.88,202065.88,0.0,1
2024,CFC,6.3.1.5.01.01.001,SUBVENÇÕES,6.3,758841.61,758841.61,0.0,1
2024,CFC,6.3.1.6.01.01.001,INSS SOBRE SERVIÇOS PRESTADOS,6.3,0.0,0.0,0.0,1
2024,CFC,6.3.1.6.01.01.002,IMPOSTOS E TAXAS,6.3,628028.18,628028.18,0.0,1
2024,CFC,6.3.1.6.01.01.003,DESPESAS JUDICIAIS,6.3,3724.87,3724.8700000000003,4.547473508864641e-13,1
2024,CFC,6.3.1.9.01.01.001,SENTENÇAS JUDICIAIS,6.3,0.0,0.0,0.0,1
2024,CFC,6.3.1.9.01.01.002,"INDENIZAÇÕES, RESTITUIÇÕES E REPOSIÇÕES",6.3,120673.65,120673.65000000001,1.4551915228366852e-11,1
2024,CFC,6.3.1.9.01.01.003,DESPESAS DE EXERCÍCIOS ANTERIORES,6.3,230550.84,230550.84,0.0,1
2024,CFC,6.3.1.9.01.01.006,REEMBOLSO DE DESPESA COM COBRANÇA,6.3,553448.22,553448.22,0.0,1
2024,CFC,6.3.2.1.01.01.001,OBRAS E INSTALAÇÕES,6.3,0.0,0.0,0.0,1
2024,CFC,6.3.2.1.01.01.002,REFORMAS,6.3,1567811.79,1567811.79,0.0,1
2024,CFC,6.3.2.1.01.01.004,ESTUDOS E PROJETOS,6.3,0.0,0.0,0.0,1
2024,CFC,6.3.2.1.03.01.001,MÓVEIS E UTENSÍLIOS DE ESCRITÓRIOS,6.3,0.0,0.0,0.0,1
2024,CFC,6.3.2.1.03.01.002,MÁQUINAS E EQUIPAMENTOS,6.3,14804.74,14804.740000000002,1.8189894035458565e-12,1
2024,CFC,6.3.2.1.03.01.003,INSTALAÇÕES,6.3,0.0,0.0,0.0,1
2024,CFC,6.3.2.1.03.01.004,UTENSÍLIOS DE COPA E COZINHA,6.3,0.0,0.0,0.0,1
2024,CFC,6.3.2.1.03.01.006,EQUIPAMENTOS DE PROCESSAMENTO DE DADOS,6.3,273598.99,273598.99,0.0,1
2024,CFC,6.3.2.1.03.01.007,SISTEMAS DE PROC. DE DADOS-SOFTWARES,6.3,0.0,0.0,0.0,1
2024,CFC,6.3.2.1.03.01.008,BIBLIOTECA,6.3,2948.9,2948.9,0.0,1
2024,CFC,6.3.2.1.04.01.003,TERRENOS,6.3,0.0,0.0,0.0,1
2024,CFC,6.3.2.1.05.01.002,SOFTWARES,6.3,531222.3,531222.3,0.0,1
2024,CFC,6.3.2.4.01.01.001,AUXÍLIOS,6.3,2116100.0,2116100.0,0.0,1
2025,CFC,6.2.1.1.02.01.001,CRC-AC,6.2,192348.29,192348.29,0.0,1
2025,CFC,6.2.1.1.02.01.002,CRC-AL,6.2,528461.33,528461.33,0.0,1
2025,CFC,6.2.1.1.02.01.003,CRC-AM,6.2,1092700.49,1092700.49,0.0,1
2025,CFC,6.2.1.1.02.01.004,CRC-AP,6.2,205905.91,205905.91,0.0,1
2025,CFC,6.2.1.1.02.01.005,CRC-BA,6.2,2512424.29,2512424.29,0.0,1
2025,CFC,6.2.1.1.02.01.006,CRC-CE,6.2,1600311.96,1600311.96,0.0,1
2025,CFC,6.2.1.1.02.01.007,CRC-DF,6.2,1978481.62,1978481.6199999999,-2.3283064365386963e-10,1
2025,CFC,6.2.1.1.02.01.008,CRC-ES,6.2,1455804.9,1455804.9000000001,2.3283064365386963e-10,1
2025,CFC,6.2.1.1.02.01.009,CRC-GO,6.2,1983385.95,1983385.95,0.0,1
2025,CFC,6.2.1.1.02.01.010,CRC-MA,6.2,877995.41,877995.41,0.0,1
2025,CFC,6.2.1.1.02.01.011,CRC-MG,6.2,7277838.93,7277838.930000001,9.313225746154785e-10,1
2025,CFC,6.2.1.1.02.01.012,CRC-MS,6.2,941171.54,941171.54,0.0,1
2025,CFC,6.2.1.1.02.01.013,CRC-MT,6.2,1468485.35,1468485.3499999999,-2.3283064365386963e-10,1
2025,CFC,6.2.1.1.02.01.014,CRC-PA,6.2,1448387.42,1448387.4200000002,2.3283064365386963e-10,1
2025,CFC,6.2.1.1.02.01.015,CRC-PB,6.2,856108.31,856108.31,0.0,1
2025,CFC,6.2.1.1.02.01.016,CRC-PE,6.2,1763251.01,1763251.01,0.0,1
2025,CFC,6.2.1.1.02.01.017,CRC-PI,6.2,760089.96,760089.96,0.0,1
2025,CFC,6.2.1.1.02.01.018,CRC-PR,6.2,4663953.25,4663953.25,0.0,1
2025,CFC,6.2.1.1.02.01.019,CRC-RJ,6.2,6037109.89,6037109.89,0.0,1
2025,CFC,6.2.1.1.02.01.020,CRC-RN,6.2,881018.88,881018.88,0.0,1
2025,CFC,6.2.1.1.02.01.021,CRC-RO,6.2,611514.48,611514.48,0.0,1
2025,CFC,6.2.1.1.02.01.022,CRC-RR,6.2,188739.77,188739.77,0.0,1
2025,CFC,6.2.1.1.02.01.023,CRC-RS,6.2,4174437.59,4174437.59,0.0,1
2025,CFC,6.2.1.1.02.01.024,CRC-SC,6.2,2981256.12,2981256.12,0.0,1
2025,CFC,6.2.1.1.02.01.025,CRC-SE,6.2,506236.22,506236.22,0.0,1
2025,CFC,6.2.1.1.02.01.026,CRC-SP,6.2,20873028.1,20873028.1,0.0,1
2025,CFC,6.2.1.1.02.01.027,CRC-TO,6.2,582875.41,582875.41,0.0,1
2025,CFC,6.2.1.1.03.01.001,FUNDO PARA INVESTIMENTO,6.2,4324362.02,4324362.02,0.0,1
2025,CFC,6.2.1.2.02.02.001,PROFISSIONAIS,6.2,789274.0,789274.0,0.0,1
2025,CFC,6.2.1.2.02.05.001,EXAME DE SUFICIÊNCIA,6.2,10000680.02,10000680.02,0.0,1
2025,CFC,6.2.1.2.02.06.001,EXAME DE QUALIFICAÇÃO TÉCNICA (CNAI),6.2,1473940.01,1473940.01,0.0,1
2025,CFC,6.2.1.2.02.09.013,RECUPERAÇÃO DE OUTRAS DESPESAS OPERAC.,6.2,18026.84,18026.84,0.0,1
2025,CFC,6.2.1.3.01.01.001,JUROS SOBRE EMPRÉSTIMOS,6.2,749922.3,749922.2999999999,-1.1641532182693481e-10,1
2025,CFC,6.2.1.3.05.01.004,FUNDOS DE INVESTIMENTOS,6.2,19040098.95,19040098.95,0.0,1
2025,CFC,6.2.1.9.02.01.002,RESTITUIÇÕES,6.2,57174.94,57174.94,0.0,1
2025,CFC,6.2.2.4.01.02.005,CRC - BA,6.2,608800.0,608800.0,0.0,1
2025,CFC,6.2.2.4.01.02.010,CRC - MA,6.2,96095.03,96095.03,0.0,1
2025,CFC,6.2.2.4.01.02.016,CRC -PE,6.2,313934.52,313934.52,0.0,1
2025,CFC,6.2.2.4.01.02.021,CRC - RO,6.2,68051.3,68051.3,0.0,1
2025,CFC,6.2.2.4.01.02.023,CRC - RS,6.2,605000.0,605000.0,0.0,1
2025,CFC,6.2.3.1.01.01.001,SUPERÁVIT FINANCEIRO,6.2,0.0,0.0,0.0,1
2025,CFC,6.3.1.1.01.01.001,SALÁRIOS,6.3,15971092.98,15971092.98,0.0,1
2025,CFC,6.3.1.1.01.01.003,GRATIFICAÇÃO POR EXERCÍCIO DE CARGOS,6.3,3909571.84,3909571.84,0.0,1
2025,CFC,6.3.1.1.01.01.004,GRATIFICAÇÃO DE NATAL - 13º SALÁRIO,6.3,1834955.35,1834955.35,0.0,1
2025,CFC,6.3.1.1.01.01.005,FÉRIAS  ,6.3,2242113.79,2242113.79,0.0,1
2025,CFC,6.3.1.1.01.01.006,ABONO PECUNIÁRIO DE FÉRIAS,6.3,482792.2,482792.19999999995,-5.820766091346741e-11,1
2025,CFC,6.3.1.1.01.01.007,HORAS EXTRAS,6.3,42861.9,42861.9,0.0,1
2025,CFC,6.3.1.1.01.01.008,SUBSTITUIÇÕES,6.3,145449.28,145449.28,0.0,1
2025,CFC,6.3.1.1.01.01.009,ADICIONAL NOTURNO,6.3,0.0,0.0,0.0,1
2025,CFC,6.3.1.1.01.01.010,INDENIZAÇÕES TRABALHISTAS,6.3,68941.42,68941.42,0.0,1
2025,CFC,6.3.1.1.01.02.001,INSS ENTIDADE,6.3,5167685.48,5167685.4799999995,-9.313225746154785e-10,1
2025,CFC,6.3.1.1.01.02.002,FGTS,6.3,2025630.32,2025630.3200000003,2.3283064365386963e-10,1
2025,CFC,6.3.1.1.01.02.003,PIS SOBRE FOLHA DE PAGAMENTO,6.3,240702.07,240702.07,0.0,1
2025,CFC,6.3.1.1.01.03.001,VALE TRANSPORTE,6.3,3606.44,3606.44,0.0,1
2025,CFC,6.3.1.1.01.03.002,PROGRAMA DE ALIMENT. AO TRABALHADOR-PAT,6.3,2170235.36,2170235.36,0.0,1
2025,CFC,6.3.1.1.01.03.003,PLANO DE SAÚDE,6.3,1879986.37,1879986.37,0.0,1
2025,CFC,6.3.1.1.01.03.004,PLANO ODONTOLÓGICO,6.3,18949.54,18949.54,0.0,1
2025,CFC,6.3.1.2.01.01.001,AUXÍLIO EDUCAÇÃO,6.3,59422.72,59422.72,0.0,1
2025,CFC,6.3.1.2.01.01.002,AUXÍLIO CRECHE ,6.3,121786.87,121786.87,0.0,1
2025,CFC,6.3.1.3.01.01.001,MATERIAIS DE EXPEDIENTE,6.3,23492.49,23492.49,0.0,1
2025,CFC,6.3.1.3.01.01.002,"IMPRESSOS, FORMULÁRIOS E PAPÉIS",6.3,1082.06,1082.06,0.0,1
2025,CFC,6.3.1.3.01.01.004,CARTEIRAS DE IDENTIFICAÇÃO PROFISSIONAL,6.3,165828.08,165828.08000000002,2.9103830456733704e-11,1
2025,CFC,6.3.1.3.01.01.005,"BANDEIRAS, FLÂMULAS E PLACAS",6.3,0.0,0.0,0.0,1
2025,CFC,6.3.1.3.01.01.006,"MATERIAL PARA AUDIO, VÍDEO E FOTO",6.3,0.0,0.0,0.0,1
2025,CFC,6.3.1.3.01.01.008,MATERIAIS DE INFORMÁTICA,6.3,29182.25,29182.25,0.0,1
2025,CFC,6.3.1.3.01.01.010,MATERIAIS ELÉTRICOS E DE TELEFONIA,6.3,14598.19,14598.189999999999,-1.8189894035458565e-12,1
2025,CFC,6.3.1.3.01.01.011,MATERIAIS PARA MANUT. DE BENS MÓVEIS,6.3,961.3,961.3,0.0,1
2025,CFC,6.3.1.3.01.01.012,MATERIAIS PARA MANUT. DE BENS IMÓVEIS,6.3,33236.71,33236.71,0.0,1
2025,CFC,6.3.1.3.01.01.013,MATERIAL DE COPA E COZINHA,6.3,6126.27,6126.2699999999995,-9.094947017729282e-13,1
2025,CFC,6.3.1.3.01.01.014,"UNIFORMES, TECIDOS E AVIAMENTOS",6.3,28865.16,28865.16,0.0,1
2025,CFC,6.3.1.3.01.01.015,GÊNEROS DE ALIMENTAÇÃO,6.3,16725.77,16725.77,0.0,1
2025,CFC,6.3.1.3.01.01.016,"MAT. DE HIGIENE, LIMPEZA E CONSERVAÇÃO",6.3,510.45,510.45000000000005,5.684341886080802e-14,1
2025,CFC,6.3.1.3.01.01.017,BENS MÓVEIS NÃO ATIVAVEIS,6.3,5411.68,5411.68,0.0,1
2025,CFC,6.3.1.3.01.01.018,MATERIAIS DE DISTRIBUIÇÃO GRATUITA,6.3,0.0,0.0,0.0,1
2025,CFC,6.3.1.3.01.02.001,COMBUSTÍVEIS E LUBRIFICANTES,6.3,25171.73,25171.73,0.0,1
2025,CFC,6.3.1.3.01.02.002,PEÇAS E ACESSÓRIOS,6.3,9109.0,9109.0,0.0,1
2025,CFC,6.3.1.3.01.09.001,OUTROS MATERIAIS DE CONSUMO,6.3,1807.77,1807.77,0.0,1
2025,CFC,6.3.1.3.02.01.001,SERVIÇO DE AUDITORIA E PERÍCIA,6.3,24500.0,24500.0,0.0,1
2025,CFC,6.3.1.3.02.01.002,SERVIÇO DE ASSESSORIA E CONSULTORIA,6.3,1025004.58,1025004.58,0.0,1
2025,CFC,6.3.1.3.02.01.003,SERVIÇOS ADVOCATÍCIOS,6.3,186887.42,186887.41999999998,-2.9103830456733704e-11,1
2025,CFC,6.3.1.3.02.01.004,SERVIÇOS DE INSTRUTORES,6.3,208000.0,208000.0,0.0,1
2025,CFC,6.3.1.3.02.01.005,SERVIÇOS DE TECNOLOGIA DA INFORMAÇÃO,6.3,16515901.54,16515901.54,0.0,1
2025,CFC,6.3.1.3.02.01.007,SERVIÇOS DE COPA E COZINHA ,6.3,98970.72,98970.72,0.0,1
2025,CFC,6.3.1.3.02.01.008,"SERV.DE LIMPEZA, CONSERV. E JARDINAGEM",6.3,646940.33,646940.33,0.0,1
2025,CFC,6.3.1.3.02.01.009,SERV. DE SEGURANÇA PREDIAL E PREVENTIVA,6.3,1647098.52,1647098.52,0.0,1
2025,CFC,6.3.1.3.02.01.010,SERVIÇOS DE MEDICINA DO TRABALHO,6.3,123528.4,123528.4,0.0,1
2025,CFC,6.3.1.3.02.01.011,"SELEÇÃO, TREINAMENTO E ORG/APLICAÇÃO DE EXAMES",6.3,9762891.59,9762891.59,0.0,1
2025,CFC,6.3.1.3.02.01.012,SERVIÇOS DE INTERMEDIAÇÃO DE ESTAGIOS/APRENDIZES,6.3,25308.0,25308.0,0.0,1
2025,CFC,6.3.1.3.02.01.013,ESTAGIOS,6.3,869698.42,869698.42,0.0,1
2025,CFC,6.3.1.3.02.01.016,SERVIÇOS DE TRADUÇÃO,6.3,297715.5,297715.5,0.0,1
2025,CFC,6.3.1.3.02.01.017,SERVIÇOS FOTOGRÁFICOS E VÍDEOS,6.3,51732.0,51732.0,0.0,1
2025,CFC,6.3.1.3.02.01.018,SERVIÇO DE DIVULGAÇÃO INSTITUCIONAL,6.3,2689847.13,2689847.13,0.0,1
2025,CFC,6.3.1.3.02.01.020,SERVIÇOS DE REPRESENTAÇÕES,6.3,3408713.3,3408713.3,0.0,1
2025,CFC,6.3.1.3.02.01.021,SERVIÇOS DE APOIO ADMINISTRATIVO E OPERACIONAL,6.3,274901.12,274901.12,0.0,1
2025,CFC,6.3.1.3.02.01.022,DEMAIS SERVIÇOS PROFISSIONAIS,6.3,195824.02,195824.02,0.0,1
2025,CFC,6.3.1.3.02.01.023,SEGUROS DE BENS MÓVEIS,6.3,3886.09,3886.09,0.0,1
2025,CFC,6.3.1.3.02.01.024,SEGUROS DE BENS IMÓVEIS,6.3,3193.8,3193.8,0.0,1
2025,CFC,6.3.1.3.02.01.025,SEGUROS DE VIAGENS,6.3,0.0,0.0,0.0,1
2025,CFC,6.3.1.3.02.01.026,"LOC. DE BENS MÓVEIS, MÁQUINAS E EQUIP.",6.3,3928072.93,3928072.93,0.0,1
2025,CFC,6.3.1.3.02.01.027,LOCAÇÃO DE BENS IMÓVEIS,6.3,301551.12,301551.12,0.0,1
2025,CFC,6.3.1.3.02.01.028,CONDOMÍNIOS,6.3,4459.43,4459.43,0.0,1
2025,CFC,6.3.1.3.02.01.029,MANUTENÇÃO E CONSERVAÇÃO BENS MÓVEIS ,6.3,55095.01,55095.01,0.0,1
2025,CFC,6.3.1.3.02.01.030,MANUTENÇÃO E CONSERV. DOS BENS IMÓVEIS,6.3,392824.9,392824.9,0.0,1
2025,CFC,6.3.1.3.02.01.031,MANUTENÇÃO E CONSERVAÇÃO DE VEÍCULOS,6.3,4517.65,4517.65,0.0,1
2025,CFC,6.3.1.3.02.01.032,SERVIÇOS DE ENERGIA ELÉTRICA,6.3,604372.34,604372.34,0.0,1
2025,CFC,6.3.1.3.02.01.033,SERVIÇOS DE ÁGUA E ESGOTO,6.3,159177.19,159177.19,0.0,1
2025,CFC,6.3.1.3.02.01.035,POST.DE CORRESPONDÊNCIA INSTITUCIONAL,6.3,48202.03,48202.030000000006,7.275957614183426e-12,1
2025,CFC,6.3.1.3.02.01.036,SERVIÇOS DE TELECOMUNICAÇÕES,6.3,23664.46,23664.46,0.0,1
2025,CFC,6.3.1.3.02.01.037,SERVIÇOS DE INTERNET,6.3,40947.17,40947.170000000006,7.275957614183426e-12,1
2025,CFC,6.3.1.3.02.01.039,ASSINATURAS,6.3,53922.27,53922.270000000004,7.275957614183426e-12,1
2025,CFC,6.3.1.3.02.01.040,PUBLICAÇÕES TÉCNICAS,6.3,828256.6,828256.6,0.0,1
2025,CFC,6.3.1.3.02.01.044,IMPRESSOS GRÁFICOS,6.3,2700.0,2700.0,0.0,1
2025,CFC,6.3.1.3.02.01.045,CÓPIAS E MICROFILMAGEM DE DOCUMENTOS,6.3,16210.52,16210.52,0.0,1
2025,CFC,6.3.1.3.02.01.047,INSCRIÇÕES,6.3,69350.42,69350.42,0.0,1
2025,CFC,6.3.1.3.02.01.048,SERVIÇOS DECORRENTES DE CONTRATOS DE TERCEIRIZAÇÃO,6.3,4691385.24,4691385.24,0.0,1
2025,CFC,6.3.1.3.02.03.001,FUNCIONÁRIOS - DIÁRIAS,6.3,1364544.2,1364544.2,0.0,1
2025,CFC,6.3.1.3.02.03.002,CONSELHEIROS - DIÁRIAS,6.3,5292977.01,5292977.01,0.0,1
2025,CFC,6.3.1.3.02.03.003,COLABORADORES - DIÁRIAS,6.3,3080554.95,3080554.95,0.0,1
2025,CFC,6.3.1.3.02.04.001,FUNCIONÁRIOS - PASSAGENS,6.3,864662.28,864662.28,0.0,1
2025,CFC,6.3.1.3.02.04.002,CONSELHEIROS - PASSAGENS,6.3,3191255.76,3191255.7600000002,4.656612873077393e-10,1
2025,CFC,6.3.1.3.02.04.003,COLABORADORES - PASSAGENS,6.3,2646427.08,2646427.08,0.0,1
2025,CFC,6.3.1.3.02.06.001,AUXÍLIO DESLOCAMENTO,6.3,373539.43,373539.43,0.0,1
2025,CFC,6.3.1.4.01.02.001,TAXA SOBRE SERVIÇOS BANCÁRIOS,6.3,26007.04,26007.04,0.0,1
2025,CFC,6.3.1.4.01.02.002,DESPESAS COM COBRANÇA,6.3,195423.22,195423.22,0.0,1
2025,CFC,6.3.1.5.01.01.001,SUBVENÇÕES,6.3,5141737.03,5141737.03,0.0,1
2025,CFC,6.3.1.6.01.01.002,IMPOSTOS E TAXAS,6.3,126523.07,126523.07,0.0,1
2025,CFC,6.3.1.6.01.01.003,DESPESAS JUDICIAIS,6.3,2702.46,2702.46,0.0,1
2025,CFC,6.3.1.9.01.01.001,SENTENÇAS JUDICIAIS,6.3,0.0,0.0,0.0,1
2025,CFC,6.3.1.9.01.01.002,"INDENIZAÇÕES, RESTITUIÇÕES E REPOSIÇÕES",6.3,21662.77,21662.77,0.0,1
2025,CFC,6.3.1.9.01.01.003,DESPESAS DE EXERCÍCIOS ANTERIORES,6.3,197527.01,197527.01,0.0,1
2025,CFC,6.3.1.9.01.01.006,REEMBOLSO DE DESPESA COM COBRANÇA,6.3,501854.02,501854.02,0.0,1
2025,CFC,6.3.2.1.01.01.004,ESTUDOS E PROJETOS,6.3,121500.0,121500.0,0.0,1
2025,CFC,6.3.2.1.03.01.001,MÓVEIS E UTENSÍLIOS DE ESCRITÓRIOS,6.3,305850.35,305850.35,0.0,1
2025,CFC,6.3.2.1.03.01.002,MÁQUINAS E EQUIPAMENTOS,6.3,39475.78,39475.78,0.0,1
2025,CFC,6.3.2.1.03.01.003,INSTALAÇÕES,6.3,31698.96,31698.96,0.0,1
2025,CFC,6.3.2.1.03.01.004,UTENSÍLIOS DE COPA E COZINHA,6.3,480.0,480.0,0.0,1
2025,CFC,6.3.2.1.03.01.006,EQUIPAMENTOS DE PROCESSAMENTO DE DADOS,6.3,852152.0,852152.0,0.0,1
2025,CFC,6.3.2.1.03.01.008,BIBLIOTECA,6.3,18581.28,18581.28,0.0,1
2025,CFC,6.3.2.1.05.01.002,SOFTWARES,6.3,0.0,0.0,0.0,1
2025,CFC,6.3.2.4.01.01.001,AUXÍLIOS,6.3,2629850.34,2629850.34,0.0,1
